Riverside School of Health Careers,0.0385
Curtis Institute of Music,0.0484
Stanford University,0.0569
Harvard University,0.0584
Yale University,0.0705
The Juilliard School,0.0734
Princeton University,0.0741
Columbia University in the City of New York,0.0742
Cooper Union for the Advancement of Science and Art,0.0774
Massachusetts Institute of Technology,0.0815
University of Chicago,0.0881
Brown University,0.0918
Dartmouth College,0.0978
California Institute of Technology,0.1055
Claremont McKenna College,0.1173
University of Pennsylvania,0.1224
Vanderbilt University,0.1274
Western Pennsylvania Hospital School of Nursing,0.1296
College of the Ozarks,0.1301
West Virginia University Hospital Departments of Rad Tech and Nutrition,0.1327
Adventist University of Health Sciences,0.1336
Duke University,0.1342
Cass Career Center,0.1364
Rust College,0.1386
Pomona College,0.1392
Amherst College,0.1428
Swarthmore College,0.1432
Pitzer College,0.1451
American Academy of Dramatic Arts-Los Angeles,0.1479
Bowdoin College,0.1495
Northwestern University,0.1532
Washington University in St Louis,0.1555
Cornell University,0.1556
New Hope Christian College-Eugene,0.1594
Maria College of Albany,0.1603
Rice University,0.1674
Franklin W Olin College of Engineering,0.1685
Georgetown University,0.1697
Williams College,0.1702
Middlebury College,0.1716
The Ailey School,0.1784
University of California-Berkeley,0.18
Johns Hopkins University,0.1813
Harvey Mudd College,0.1817
Clinton Essex Warren Washington BOCES-Practical Nursing Program,0.1826
Washington and Lee University,0.1843
Tufts University,0.1884
University of Southern California,0.1984
Albany State University,0.1992
St Joseph School of Nursing,0.2
Barnard College,0.2053
Wesleyan University,0.2092
Carleton College,0.2095
Robert Morris University Illinois,0.21
Crossroads College,0.2143
Liberty University,0.2165
University of California-Los Angeles,0.2199
Missouri Valley College,0.2218
Colorado College,0.2228
University of Notre Dame,0.223
Mississippi Valley State University,0.2272
CUNY Lehman College,0.2328
Le Moyne-Owen College,0.2335
Haverford College,0.2349
Vassar College,0.2411
Bates College,0.2417
Pontifical Catholic University of Puerto Rico-Arecibo,0.2466
CUNY Bernard M Baruch College,0.2483
Washington Hospital School of Nursing,0.25
Applied Technology Services,0.25
Chamberlain College of Nursing-Florida,0.25
University of Puerto Rico-Bayamon,0.2547
Art Academy of Cincinnati,0.2548
Carnegie Mellon University,0.2549
Davidson College,0.2561
Northwood University-Texas,0.2578
American Musical and Dramatic Academy,0.2603
Colby College,0.2604
New York University,0.2605
Saint Elizabeth College of Nursing,0.2632
Emory University,0.2633
Colgate University,0.2638
Tulane University of Louisiana,0.2643
Corcoran College of Art and Design,0.2712
Hamilton College,0.2719
Rhode Island School of Design,0.2731
Edward Waters College,0.2732
University of North Carolina at Chapel Hill,0.2759
Carolinas College of Health Sciences,0.2759
University of Arkansas at Pine Bluff,0.277
The New England Conservatory of Music,0.2777
Reading Hospital School of Health Sciences,0.281
Babson College,0.2821
Shimer College,0.2857
Belanger School of Nursing,0.2857
Chicago State University,0.2865
Southern Westchester BOCES-Practical Nursing Program,0.2909
Wellesley College,0.2911
Bucknell University,0.2951
Webb Institute,0.2952
CUNY Hunter College,0.2972
California Institute of the Arts,0.2992
Plaza College,0.2992
Texas Wesleyan University,0.2992
University of Virginia-Main Campus,0.2999
New England School of Communications,0.3005
Upper Cape Cod Regional Technical School,0.3022
Trine University-Regional/Non-Traditional Campuses,0.303
American Institute of Medical Technology,0.3034
Oberlin College,0.3041
Phillips Beth Israel School of Nursing,0.3043
Oregon College of Art and Craft,0.3053
Pontifical Catholic University of Puerto Rico-Mayaguez,0.3056
Ecclesia College,0.3074
Kirksville Area Technical Center,0.3077
California State University-Long Beach,0.3082
Lehigh University,0.3084
Cabarrus College of Health Sciences,0.3107
University of Richmond,0.3116
San Diego State University,0.3121
California Polytechnic State University-San Luis Obispo,0.3123
St Louis College of Health Careers-Fenton,0.3158
Trinity College,0.3178
Universidad del Sagrado Corazon,0.3186
CUNY Brooklyn College,0.3198
Boston College,0.3222
Corban University,0.3225
Northeastern University,0.3231
Broome Delaware Tioga BOCES-Practical Nursing Program,0.3261
Washington Adventist University,0.3271
Fort Valley State University,0.3273
Holy Name Medical Center School of Nursing,0.3287
Johnson College,0.329
College of the Holy Cross,0.3297
University of Missouri-Kansas City,0.33
George Washington University,0.3308
SUNY at Purchase College,0.3319
College of William and Mary,0.3321
University of Michigan-Ann Arbor,0.3326
Central State University,0.3328
Nebraska Methodist College of Nursing & Allied Health,0.3333
Center for Advanced Legal Studies,0.3333
South University-Novi,0.3333
Chamberlain College of Nursing-Georgia,0.3333
Chamberlain College of Nursing-Indiana,0.3333
Warner University,0.3378
Berea College,0.3401
CUNY John Jay College of Criminal Justice,0.3405
CUNY City College,0.341
Lafayette College,0.3414
Macalester College,0.3416
South University–Virginia Beach,0.3421
Manhattan School of Music,0.3431
Diman Regional Technical Institute,0.3433
Oakwood University,0.3435
University of South Florida-Sarasota-Manatee,0.3461
Southwestern Assemblies of God University,0.3486
Watkins College of Art Design & Film,0.3498
Skidmore College,0.3505
Grinnell College,0.3506
CUNY York College,0.351
Tuskegee University,0.3511
Wake Forest University,0.352
Putnam Westchester BOCES-Practical Nursing Program,0.3529
Dillard University,0.3544
Coppin State University,0.355
Tougaloo College,0.3551
University of Rochester,0.3568
Scripps College,0.357
Connecticut College,0.3585
Southern University and A & M College,0.359
Brigham Young University-Hawaii,0.3604
Hampton University,0.3605
Pennsylvania College of Art and Design,0.3614
Berklee College of Music,0.3617
Carlos Albizu University-Miami,0.3621
Ohio Valley University,0.3639
The Boston Conservatory,0.3645
Johnson C Smith University,0.3668
Eastwick College-Ramsey,0.3675
CUNY Queens College,0.3702
Brandeis University,0.3704
South University-High Point,0.3704
Menlo College,0.3705
Inter American University of Puerto Rico-Metro,0.3711
Texas A & M University-Texarkana,0.3723
Union College,0.3728
Pepperdine University,0.3734
Prism Career Institute-Cherry Hill,0.3739
VanderCook College of Music,0.374
Colorado School of Mines,0.3743
Alaska Pacific University,0.3745
Marist College,0.3745
University of California-San Diego,0.375
St Luke's College,0.375
Monteclaro Escuela de Hoteleria y Artes Culinarias,0.375
Andrews University,0.3751
Hardin-Simmons University,0.3759
Bard College,0.3761
Bryan College-Dayton,0.3762
Western Carolina University,0.3766
Kentucky State University,0.3774
South University-Cleveland,0.38
Spelman College,0.3802
Stevens Institute of Technology,0.3816
Thaddeus Stevens College of Technology,0.3818
Southern Adventist University,0.3826
Kenyon College,0.3838
ITT Technical Institute-Rancho Cordova,0.3845
UnityPoint Health-Des Moines School of Radiologic Technology,0.3846
Tiffin University,0.3856
Northern Tier Career Center,0.3864
Marylhurst University,0.3889
University of La Verne,0.3895
Laurel University,0.3904
Franklin and Marshall College,0.3931
Stony Brook University,0.3948
Signature Healthcare Brockton Hospital School of Nursing,0.3953
Fisk University,0.3968
Washington & Jefferson College,0.3973
Memphis College of Art,0.3978
San Francisco Conservatory of Music,0.3986
Bryn Mawr College,0.3992
Calumet College of Saint Joseph,0.4
Andrew College,0.4013
The University of Texas at Austin,0.4019
University of Miami,0.4044
Catawba College,0.4058
University of Tulsa,0.4059
LeTourneau University,0.4066
B M Spurr School of Practical Nursing,0.4091
Rockford University,0.4097
Georgia Regents University,0.4103
Jefferson College of Health Sciences,0.4106
Mid-Atlantic Christian University,0.4107
University of Connecticut-Stamford,0.4107
Rensselaer Polytechnic Institute,0.412
St Joseph's College of Nursing at St Joseph's Hospital Health Center,0.4121
New Jersey City University,0.4129
Gordon College,0.4133
New Mexico Institute of Mining and Technology,0.4136
Louisburg College,0.4151
Florida Memorial University,0.4159
Gettysburg College,0.4163
Delaware State University,0.4168
Johnson University Florida,0.4172
Barton College,0.4177
New Mexico Military Institute,0.4186
Case Western Reserve University,0.4188
Maharishi University of Management,0.4189
University of Connecticut-Tri-Campus,0.4207
Lander University,0.4216
Motlow State Community College,0.4226
Dallas Baptist University,0.423
Prairie View A & M University,0.4232
University of California-Irvine,0.4239
Occidental College,0.4239
The Baptist College of Florida,0.4257
Bluefield State College,0.4267
SUNY at Binghamton,0.4287
Stillman College,0.43
Florida International University,0.4304
Morris County Vocational School District,0.4304
Smith College,0.4308
The College of New Jersey,0.4311
American University,0.4312
Alderson Broaddus University,0.4321
Laguna College of Art and Design,0.4327
Hillsdale Free Will Baptist College,0.4331
Soka University of America,0.4336
Wesleyan College,0.4339
United Technical Center,0.4348
Mississippi University for Women,0.4349
Oral Roberts University,0.4354
State University of New York at New Paltz,0.4359
Grambling State University,0.4363
Lawrence Technological University,0.4365
South University-Montgomery,0.4366
Paine College,0.4377
Bentley University,0.4379
University of South Florida-St Petersburg,0.4401
Monroe College,0.4404
Sterling College,0.4405
Cambridge Technical Institute,0.4426
Inter American University of Puerto Rico-Bayamon,0.4439
California State University-Monterey Bay,0.444
University of Minnesota-Twin Cities,0.4442
University of California-Santa Barbara,0.4444
Dickinson College,0.4444
Chapman University,0.4471
Newman University,0.4472
West Virginia State University,0.4478
Norwich Technical High School,0.4479
Southeastern Louisiana University,0.448
Fashion Institute of Technology,0.4484
Middle Georgia State College,0.4486
University of Puerto Rico-Humacao,0.4487
Brevard College,0.4489
Florida Agricultural and Mechanical University,0.45
Brescia University,0.45
Alice Lloyd College,0.4502
Texas Southern University,0.4503
University of California-Davis,0.4521
University of North Carolina School of the Arts,0.4521
University of South Florida-Main Campus,0.4524
Gordon State College,0.4529
Central Maine Medical Center College of Nursing and Health Professions,0.4545
DeVry University-Wisconsin,0.4545
Manor College,0.455
Boston University,0.4561
SUNY College at Plattsburgh,0.4564
SUNY College at Geneseo,0.4566
St Thomas University,0.4567
Concord University,0.457
California State University-Fullerton,0.4579
Huston-Tillotson University,0.4589
Denison University,0.4597
Wilmington College,0.4603
Bais Medrash Toras Chesed,0.4605
Muhlenberg College,0.4616
California State University-Northridge,0.4624
Spring Hill College,0.4627
Otis College of Art and Design,0.4628
Baptist Memorial College of Health Sciences,0.463
St Lawrence University,0.4643
University of Florida,0.4655
Northern Kentucky University,0.467
New York School of Interior Design,0.4675
North Carolina Wesleyan College,0.4676
Schuyler Steuben Chemung Tioga Allegany BOCES,0.4676
La Sierra University,0.4677
Wayne Finger Lakes BOCES-Practical Nursing Program,0.4677
Barry University,0.4678
Hope International University,0.4681
Mount Holyoke College,0.4681
SUNY College at Cortland,0.4683
Concordia University-Texas,0.4685
University of Maryland-College Park,0.4699
Inter American University of Puerto Rico-Arecibo,0.47
Universidad Central Del Caribe,0.4706
University of Saint Mary,0.4707
Fordham University,0.4713
Remington College-Heathrow Campus,0.4714
Cumberland University,0.473
Virginia Military Institute,0.4732
Jacksonville University,0.4737
Huntingdon County Career and Technology Center,0.4737
Texas Christian University,0.4739
Millsaps College,0.4745
Christian Brothers University,0.4745
SUNY Institute of Technology at Utica-Rome,0.4754
Inter American University of Puerto Rico-Barranquitas,0.4761
Saint Elizabeth School of Nursing,0.4762
Oklahoma Panhandle State University,0.4767
Clayton State University,0.477
Florida Atlantic University,0.4773
SUNY College at Brockport,0.4774
Emmanuel College,0.4783
Dance Theatre of Harlem Inc,0.4783
Texas A & M International University,0.4785
Omega Institute,0.4795
Crouse Hospital College of Nursing,0.4795
Emerson College,0.4798
California Lutheran University,0.4802
The University of West Florida,0.4808
Hussian School of Art,0.481
Gardner-Webb University,0.4817
Professional Skills Institute,0.4824
College of Saint Elizabeth,0.4836
Belhaven University,0.4842
Trinity Baptist College,0.4847
Our Lady of Holy Cross College,0.4847
Buffalo State SUNY,0.4853
Reed College,0.4853
College for Creative Studies,0.486
SUNY College at Oswego,0.4863
Daemen College,0.4864
Dickinson State University,0.4868
William Carey University,0.4877
Piedmont International University,0.4884
University of San Diego,0.4885
AVTEC-Alaska's Institute of Technology,0.4888
Southern University at New Orleans,0.4888
York College,0.489
Villanova University,0.489
University of Central Florida,0.4894
Abilene Christian University,0.4894
Simmons College,0.4897
West Coast University-Ontario,0.4902
University of Puerto Rico-Utuado,0.4908
Lane College,0.4916
San Diego Christian College,0.492
Alliant International University,0.4922
Howard University,0.493
Oklahoma Wesleyan University,0.4934
Toccoa Falls College,0.494
Ohio Dominican University,0.494
Brigham Young University-Provo,0.4942
Hobart William Smith Colleges,0.4944
Bethany College,0.4948
Syracuse University,0.4949
Notre Dame of Maryland University,0.4964
Mount Olive College,0.4979
Flagler College-St Augustine,0.4987
Florida Southern College,0.4989
Allen College,0.5
Saint Francis Medical Center School of Nursing,0.5
Memorial School of Nursing,0.5
Blue Hills Regional Technical School,0.5
Eastern Center for Arts and Technology,0.5
Mifflin-Juniata Career and Technology Center,0.5
Clarion County Career Center Practical Nursing Program,0.5
American University of Health Sciences,0.5
Galen College of Nursing-Cincinnati,0.5
Chamberlain College of Nursing-Illinois,0.5
West Coast University-Dallas,0.5
South University-Austin,0.5
DeVry University-Oregon,0.5
North Carolina State University at Raleigh,0.5001
Graceland University-Lamoni,0.5018
North Carolina Central University,0.5033
University of New Orleans,0.5036
Nevada State College,0.5037
Central Christian College of Kansas,0.5045
Voorhees College,0.5051
SUNY College of Environmental Science and Forestry,0.5052
Rolla Technical Institute,0.5053
Saint Xavier University,0.5054
Pacific Union College,0.5055
Waldorf College,0.5067
Southern Methodist University,0.507
SUNY Oneonta,0.5073
Kentucky Mountain Bible College,0.5075
South University-Columbia,0.5075
South Carolina State University,0.5079
Texas Lutheran University,0.5087
Assabet Valley Regional Technical School,0.5098
Northwood University-Florida,0.5102
University of Houston-Victoria,0.5102
Bethel University,0.5103
Georgia Perimeter College,0.5118
Santa Clara University,0.5122
University of South Carolina-Aiken,0.5122
Alabama State University,0.5125
Cairn University-Langhorne,0.5131
West Virginia University Institute of Technology,0.5131
South University–Richmond,0.5135
Kentucky Christian University,0.5136
Brewton-Parker College,0.5137
Reinhardt University,0.514
University of St Francis,0.5141
Olivet College,0.5148
SUNY at Fredonia,0.5154
West Chester University of Pennsylvania,0.5156
South University-Savannah,0.5158
Worcester Polytechnic Institute,0.5159
Framingham State University,0.5167
Bowie State University,0.5176
Bryn Athyn College of the New Church,0.5177
Woodrow Wilson Rehabilitation Center,0.5196
Georgia Southern University,0.52
Converse College,0.5201
Pennsylvania College of Health Sciences,0.5201
Carrington College California-Sacramento,0.521
Aquinas College,0.521
Southwestern University,0.5217
California State Polytechnic University-Pomona,0.5218
Sul Ross State University,0.522
The University of Tampa,0.5221
Union College,0.5229
Goldey-Beacom College,0.5231
Trinity Washington University,0.5231
North Park University,0.5234
Concordia University-Saint Paul,0.5239
University of Puerto Rico-Rio Piedras,0.5248
The Christ College of Nursing and Health Sciences,0.525
Adams State University,0.526
Claflin University,0.526
West Coast University-Orange County,0.5263
Farmingdale State College,0.5264
Wilson College,0.5267
Lipscomb University,0.527
University of Arkansas at Little Rock,0.5274
Warner Pacific College,0.5274
Barclay College,0.5285
University of Dayton,0.5297
Carroll College,0.53
University of Puerto Rico-Arecibo,0.5302
Inter American University of Puerto Rico-Ponce,0.5307
Bluffton University,0.5308
St John's University-New York,0.5316
The Creative Center,0.5316
Limestone College,0.5322
Coker College,0.5326
Providence Christian College,0.5328
Morningside College,0.5337
University of North Florida,0.5343
Point University,0.5353
University of Saint Francis-Fort Wayne,0.5362
Young Harris College,0.5365
University of Connecticut,0.5366
Kansas Wesleyan University,0.537
Concordia University-Ann Arbor,0.5374
Multnomah University,0.538
Indiana University-East,0.5381
Midway College,0.5381
Howard Payne University,0.5382
University of West Georgia,0.5385
DeVry University-Kentucky,0.5385
Southwestern Adventist University,0.5392
Mount Mary University,0.5397
Elon University,0.5398
Rutgers University-Newark,0.5401
Central Baptist College,0.5407
Saint Peter's University,0.5408
Loyola Marymount University,0.5412
University of North Carolina Wilmington,0.5419
Pennsylvania State University-Main Campus,0.542
Mount Carmel College of Nursing,0.5421
University of Minnesota-Rochester,0.5421
Medaille College,0.5429
Montreat College,0.5429
Concordia University-Chicago,0.5441
Xavier University of Louisiana,0.5443
West Coast University-Los Angeles,0.5444
Rogers State University,0.5445
Shaw University,0.5449
National Latino Education Institute,0.5455
University of South Carolina-Sumter,0.5456
Bloomfield College,0.5464
Johnson University,0.5464
Georgia State University,0.5466
ITT Technical Institute-Richardson,0.547
Cleveland Institute of Music,0.5475
Grand Canyon University,0.548
Columbia College-Hollywood,0.548
Hampden-Sydney College,0.5486
Metropolitan College of New York,0.5487
Georgia Institute of Technology-Main Campus,0.5493
Bridgewater College,0.5493
Salisbury University,0.5494
SUNY College of Technology at Alfred,0.5494
Fayetteville State University,0.5496
Crown College,0.55
University of Maryland Eastern Shore,0.5502
Jewish Theological Seminary of America,0.5505
Goshen College,0.5506
Five Towns College,0.5509
Millikin University,0.5512
Dallas Christian College,0.5516
Valdosta State University,0.5522
University of Washington-Seattle Campus,0.5523
Ramapo College of New Jersey,0.5526
Neumann University,0.5531
Visible Music College,0.5536
Columbus State University,0.5543
Anderson University,0.5545
SUNY at Albany,0.5545
Simpson University,0.555
Ohio State University-Main Campus,0.5553
Bellin College,0.5556
Chamberlain College of Nursing-Arizona,0.5556
Lake Erie College,0.5561
Winston-Salem State University,0.5565
La Roche College,0.5565
Pratt Institute-Main,0.5572
Richard Bland College of the College of William and Mary,0.5572
Blue Mountain College,0.5573
Woodbury University,0.5575
Oglethorpe University,0.5576
Eastern Nazarene College,0.5579
Lewis University,0.5587
Concordia University-Portland,0.5592
University of Georgia,0.5608
Northern Illinois University,0.5613
University of Pittsburgh-Pittsburgh Campus,0.5613
Rose-Hulman Institute of Technology,0.5622
Arnot Ogden Medical Center,0.5625
Adrian College,0.5628
ATS Institute of Technology,0.5629
Moore College of Art and Design,0.5632
The College of Wooster,0.5633
University of the Sciences,0.5635
Albion College,0.5639
Oklahoma Baptist University,0.5646
University at Buffalo,0.5652
Kennesaw State University,0.5654
The University of Alabama,0.5655
Minot State University,0.5662
The Sage Colleges,0.5664
ITT Technical Institute-Lake Mary,0.5665
Francis Marion University,0.5667
Galen College of Nursing-Tampa Bay,0.5667
Holy Names University,0.5668
Clark Atlanta University,0.568
Florida State University,0.5681
Tarleton State University,0.5682
Stephen F Austin State University,0.5687
University of Jamestown,0.5689
The College of New Rochelle,0.5695
Whitman College,0.5696
Illinois Institute of Technology,0.5697
Fashion Institute of Design & Merchandising-Los Angeles,0.5701
College of Saint Mary,0.5701
Covenant College,0.5704
Southern Utah University,0.5709
Bon Secours Memorial College of Nursing,0.5714
Elizabeth City State University,0.5715
Mercy College,0.5724
Lake Forest College,0.5727
Bluefield College,0.5729
Davis & Elkins College,0.5734
University of Arkansas-Fort Smith,0.5736
Hiram College,0.5736
Marquette University,0.5745
Nova Southeastern University,0.5746
California State University-Dominguez Hills,0.5747
Baylor University,0.5747
Morgan State University,0.5757
Bay Path College,0.576
Wentworth Institute of Technology,0.5761
University of Minnesota-Morris,0.5764
Rhodes College,0.5764
Mitchell College,0.5766
William Penn University,0.5766
Delaware Chenango Madison Otsego BOCES-Practical Nursing Program,0.5769
William Jewell College,0.5778
Ursuline College,0.5782
Willamette University,0.5784
Chestnut Hill College,0.5785
Clemson University,0.5787
North Greenville University,0.5791
Marian University,0.5795
Loyola University Maryland,0.58
Maryland Institute College of Art,0.5803
SUNY College at Old Westbury,0.5804
Delaware College of Art and Design,0.5804
Webster University,0.5806
Lancaster Bible College,0.5813
California State University-Fresno,0.5815
O'More College of Design,0.5816
Upper Iowa University,0.5818
Salem College,0.582
St Mary's University,0.5823
California State University-San Bernardino,0.5831
Wilberforce University,0.5834
Hiwassee College,0.5836
LaGrange College,0.5837
ITT Technical Institute-Tallahassee,0.5837
University of Arkansas Community College-Morrilton,0.5838
Illinois Wesleyan University,0.5838
Central Christian College of the Bible,0.5838
Rosemont College,0.5838
University of Houston,0.5841
Bay State College,0.5845
Grace University,0.5846
Virginia Union University,0.5848
ITT Technical Institute-Orland Park,0.5851
The University of Texas at Dallas,0.5857
University of Arkansas,0.5858
Rutgers University-Camden,0.5859
Davis College,0.5859
Austin College,0.5861
Friends University,0.5862
Touro College,0.5866
Augustana College,0.5867
SUNY College of Technology at Delhi,0.5867
Hofstra University,0.5871
Oak Hills Christian College,0.5873
Florida College,0.5875
Cedar Crest College,0.588
Bethany College,0.5882
Finlandia University,0.5883
Rollins College,0.5889
Minneapolis College of Art and Design,0.5895
Lyon College,0.5898
Morrisville State College,0.5898
American Jewish University,0.59
Wilkes-Barre Area Career and Technical Center Practical Nursing,0.59
Christopher Newport University,0.5902
Capitol College,0.5903
Northland College,0.5907
ITT Technical Institute-Fort Myers,0.5907
Newberry College,0.5908
Interface College-Spokane,0.5909
Lawrence County Career and Technical Center-Practical Nursing Program,0.5912
Cornish College of the Arts,0.5917
St Olaf College,0.5919
Rowan University,0.5923
McMurry University,0.5924
Stetson University,0.5925
Culver-Stockton College,0.5926
University of Louisiana at Lafayette,0.593
Western Illinois University,0.5931
Southeastern University,0.5932
University of Mississippi,0.5936
University of Connecticut-Avery Point,0.594
Frostburg State University,0.5945
Rutgers University-New Brunswick,0.5951
Newbury College,0.5953
Stevenson University,0.5959
Ave Maria University,0.5959
Johnson & Wales University-Charlotte,0.5961
Wells College,0.5967
Arcadia University,0.5969
University of North Texas,0.5969
University of Illinois at Springfield,0.5977
Providence College,0.5979
Northwestern Oklahoma State University,0.598
Northeastern Illinois University,0.5981
DePaul University,0.5987
Manhattan Christian College,0.5988
University of California-Santa Cruz,0.5991
Daniel Webster College,0.5992
Dominican University,0.5997
The University of Texas at Arlington,0.5998
Palmer College of Chiropractic-Davenport,0.6
The Art Institute of Cincinnati,0.6
Southside Regional Medical Center Professional Schools,0.6
Silver Lake College of the Holy Family,0.6
Chamberlain College of Nursing-Missouri,0.6
Franklin College,0.6002
Eastern Kentucky University,0.6002
University of North Carolina at Greensboro,0.6002
Catholic University of America,0.6007
Iowa Wesleyan College,0.6012
Rochester Institute of Technology,0.6016
Sewanee-The University of the South,0.6027
Berry College,0.6032
Marion Military Institute,0.6034
Towson University,0.6034
Purdue University-Main Campus,0.6042
Florida Institute of Technology,0.6045
Emmanuel College,0.6049
Ball State University,0.6054
Clarkson College,0.6056
Benedictine College,0.6057
Fashion Institute of Design & Merchandising-San Diego,0.6059
University of South Carolina-Columbia,0.606
New College of Florida,0.6061
Worcester State University,0.6062
Purdue University-Calumet Campus,0.6063
Mount Ida College,0.6065
Emporia State University,0.6069
San Diego State University-Imperial Valley Campus,0.607
Louisiana State University-Alexandria,0.6074
Winona State University,0.6075
Canton City Schools Adult Career and Technical Education,0.6075
Arizona Christian University,0.6076
Chatham University,0.6077
Nossi College of Art,0.6077
Southern Arkansas University Main Campus,0.6081
Central Susquehanna Intermediate Unit LPN Career,0.6081
Augsburg College,0.6086
St Catherine University,0.6089
ITT Technical Institute-Youngstown,0.6089
Missouri Baptist University,0.6095
Ukiah Adult School,0.6102
University of North Georgia,0.6102
Avila University,0.6108
Portland State University,0.6117
Piedmont College,0.6118
Milwaukee Institute of Art & Design,0.6119
DePauw University,0.6121
Methodist University,0.6122
Madonna University,0.6125
University of San Francisco,0.6129
Illinois College,0.6129
Lincoln University of Pennsylvania,0.6133
University of the Ozarks,0.6136
The Master's College and Seminary,0.6137
University of Detroit Mercy,0.6147
McNeese State University,0.6151
Clark University,0.6154
Chowan University,0.6154
Chicago School for Piano Technology,0.6154
Kettering University,0.6159
Sarah Lawrence College,0.6166
ITT Technical Institute-Merrillville,0.6167
Northwest Nazarene University,0.617
Coe College,0.6171
University of Hartford,0.6173
Le Moyne College,0.619
Eastern Illinois University,0.6191
University of California-Riverside,0.62
George Mason University,0.6203
The Richard Stockton College of New Jersey,0.6211
East Carolina University,0.6217
The University of Texas-Pan American,0.6217
Henderson State University,0.6221
McNally Smith College of Music,0.6221
Albright College,0.6231
Meredith College,0.6232
Prism Career Institute-Philadelphia,0.6235
University of Illinois at Urbana-Champaign,0.6239
University of Science and Arts of Oklahoma,0.6246
Wesley College,0.625
St Margaret School of Nursing,0.625
Virginia Beach City Public Schools School of Practical Nursing,0.625
Rensselaer BOCES-Practical Nursing Program,0.625
California State University-San Marcos,0.6251
Becker College,0.6255
Columbia International University,0.6258
Fisher College,0.6273
Saint John Fisher College,0.6277
Huntingdon College,0.6279
University of Michigan-Dearborn,0.6284
Lewis & Clark College,0.6285
Cleveland State University,0.6287
McKendree University,0.6289
University of Maine at Fort Kent,0.6293
University of Massachusetts-Amherst,0.6294
Central Michigan University,0.6304
University of Maryland-Baltimore County,0.6315
Eastern New Mexico University-Main Campus,0.6321
Oklahoma Christian University,0.6321
Gustavus Adolphus College,0.6322
Appalachian State University,0.6323
Whittier College,0.6325
South University-Tampa,0.6327
Averett University,0.6329
Albany College of Pharmacy and Health Sciences,0.634
Arizona State University-Skysong,0.6343
San Jose State University,0.6347
Mount Vernon Nazarene University,0.6349
Norwich University,0.6349
Moore Career College,0.6349
James Madison University,0.6356
Wisconsin Lutheran College,0.6356
Fashion Institute of Design & Merchandising-San Francisco,0.6358
Health Works Institute,0.6364
North Central College,0.6365
Hampshire College,0.6369
Lynchburg College,0.6369
Earlham College,0.637
Randolph-Macon College,0.637
Webber International University,0.6377
King University,0.6377
San Francisco State University,0.6379
University of Bridgeport,0.6385
Marietta College,0.6387
Temple University,0.6387
Trinity University,0.6393
SUNY Maritime College,0.6396
Baldwin Wallace University,0.6396
University of Massachusetts-Lowell,0.6397
Furman University,0.6397
Eastern Michigan University,0.6398
Cincinnati Christian University,0.6398
University of Puerto Rico-Ponce,0.6398
Clarkson University,0.6403
University of North Carolina at Asheville,0.6403
University of Nebraska-Lincoln,0.6404
Caldwell College,0.6408
Philadelphia University,0.6408
Eastern University,0.6409
Hawaii Pacific University,0.6411
Cornell College,0.6411
Pine Manor College,0.6411
Central Connecticut State University,0.6413
ITT Technical Institute-Warrensville Heights,0.6414
High Point University,0.6418
Saint Josephs College,0.6419
Birmingham Southern College,0.6422
University of South Carolina-Upstate,0.6422
Evangel University,0.6425
Kansas City Art Institute,0.643
Monmouth College,0.6431
St Francis College,0.6433
Bethel College-North Newton,0.644
Saint Louis University,0.6443
California State University-Channel Islands,0.6443
Mars Hill University,0.6447
St Andrews University,0.6448
Galen College of Nursing-San Antonio,0.645
Whitworth University,0.6452
Eastern Connecticut State University,0.6453
Central Coast College,0.6454
University of New Mexico-Main Campus,0.6458
Jackson State University,0.6464
University of Delaware,0.6468
ITT Technical Institute-Hilliard,0.6471
Pacific Northwest College of Art,0.6474
Beacon College,0.6475
Mississippi State University,0.6482
Herzing University-Kenner,0.6486
Allegheny College,0.6487
Bennington College,0.6487
Misericordia University,0.6489
ITT Technical Institute-St Petersburg,0.6494
Pontifical Catholic University of Puerto Rico-Ponce,0.6496
Johnson & Wales University-North Miami,0.6496
Columbia College,0.6499
Sam Houston State University,0.6499
Norfolk State University,0.6499
South University-West Palm Beach,0.65
Anderson University,0.6502
Moore Norman Technology Center,0.6504
Spring Arbor University,0.6505
Eastern Mennonite University,0.6505
Central Methodist University-College of Liberal Arts and Sciences,0.6506
SABER College,0.6512
ITT Technical Institute-Akron,0.6515
Seton Hill University,0.652
Fontbonne University,0.6524
Vet Tech Institute of Houston,0.6525
Montclair State University,0.6532
Maine Maritime Academy,0.6536
Northwood University-Michigan,0.6538
Southwest Minnesota State University,0.6546
Savannah College of Art and Design,0.6547
New Jersey Institute of Technology,0.6547
Western Connecticut State University,0.6549
Thiel College,0.655
Minnesota State University-Mankato,0.6555
Hamline University,0.6557
Gallaudet University,0.6558
Our Lady of the Lake University,0.6561
University of Idaho,0.6565
Rochester College,0.6567
Greenville College,0.657
Emory & Henry College,0.6572
Asbury University,0.6573
Florida Gulf Coast University,0.6579
Central College,0.658
Valley Forge Christian College,0.6585
Messiah College,0.659
Gwynedd Mercy University,0.6591
Drake University,0.6595
Centenary College of Louisiana,0.6597
Oakland University,0.66
Presbyterian College,0.66
Southeastern Technical Institute,0.6604
Presentation College,0.6608
Advertising Art Educational Services DBA School of Advertising Art,0.6609
Butler University,0.661
Our Lady of the Lake College,0.6615
Manhattan College,0.6617
Lakeland College,0.6621
California State University-Bakersfield,0.6626
Lindenwood University,0.6629
Texas Tech University,0.663
University of Southern Mississippi,0.6631
Niagara University,0.6633
Ursinus College,0.6633
DigiPen Institute of Technology,0.6635
ITT Technical Institute-Oklahoma City,0.6635
Eastern Maine Community College,0.6639
Lees-McRae College,0.6648
Fairmont State University,0.6649
Gonzaga University,0.6651
Point Loma Nazarene University,0.6654
Washington College,0.6655
Carson-Newman University,0.6657
The New School,0.6659
Bethune-Cookman University,0.666
Ithaca College,0.666
Dell'Arte International School of Physical Theatre,0.6667
Carolina School of Broadcasting,0.6667
Dutchess BOCES-Practical Nursing Program,0.6667
Family of Faith College,0.6667
DeVry University-Michigan,0.6667
DeVry University-Tennessee,0.6667
Hanover College,0.6673
Miami University-Oxford,0.6676
Bemidji State University,0.6678
University of Portland,0.668
Rocky Mountain College,0.6683
Morehouse College,0.6684
Lebanon Valley College,0.6686
Agnes Scott College,0.6687
Fox College,0.6687
Kalamazoo College,0.6689
Curry College,0.6692
Faith Baptist Bible College and Theological Seminary,0.6693
Bradley University,0.6694
Galen College of Nursing-Louisville,0.6696
Slippery Rock University of Pennsylvania,0.6698
Eastern Oregon University,0.67
Concordia College-New York,0.6701
ITT Technical Institute-Canton,0.6701
Salve Regina University,0.6706
ITT Technical Institute-Nashville,0.6707
Kentucky Wesleyan College,0.671
Omaha School of Massage and Healthcare of Herzing University,0.6714
University of Redlands,0.672
Massachusetts College of Liberal Arts,0.672
Southeastern Baptist Theological Seminary,0.6721
Quinnipiac University,0.6722
Widener University-Main Campus,0.6726
Mississippi College,0.673
ITT Technical Institute-West Chester,0.6731
Wheaton College,0.6737
Saint Augustine's University,0.6738
Mount St Mary's University,0.6741
Puerto Rico Conservatory of Music,0.6742
Louisiana Tech University,0.6744
Lesley University,0.6749
California State University-Los Angeles,0.6752
Bel-Rea Institute of Animal Technology,0.6754
Stephens College,0.6756
Belmont Abbey College,0.6759
Siena Heights University,0.6765
Beloit College,0.6769
Midwestern Baptist Theological Seminary,0.6774
American International College,0.6779
Eureka College,0.6781
Ohio Northern University,0.6785
Alma College,0.6791
University of Wisconsin-Madison,0.6792
Williams Baptist College,0.6798
Mills College,0.6798
Georgia College and State University,0.6798
Blackburn College,0.6799
Geneva College,0.6802
Georgia Southwestern State University,0.6803
Siena College,0.6805
Lenoir-Rhyne University,0.6806
KD College Conservatory of Film and Dramatic Arts,0.6806
Shorter University,0.6807
Cornerstone University,0.6807
Augustana College,0.6809
Northern Maine Community College,0.681
William Paterson University of New Jersey,0.6811
Hannibal-LaGrange University,0.6814
Adelphi University,0.6814
Guilford College,0.6818
Texas A & M University-Commerce,0.6818
Troy University,0.6821
Albertus Magnus College,0.6821
Cleveland Institute of Art,0.6825
Milligan College,0.683
College of St Joseph,0.6831
Midland University,0.6832
The University of Findlay,0.6832
Delaware Valley College,0.6834
Dean College,0.6835
Harcum College,0.6836
SUNY College at Potsdam,0.6837
Remington College-Little Rock Campus,0.6838
Nazareth College,0.6839
Milwaukee School of Engineering,0.6839
University of Memphis,0.6841
Kuyper College,0.6842
Campbellsville University,0.6844
Mount Mercy University,0.6845
University of North Carolina at Charlotte,0.6852
Moody Bible Institute,0.6855
Centre College,0.6857
University of Kentucky,0.6861
Thomas University,0.6863
Michigan State University,0.6865
Wheaton College,0.6871
California State University-East Bay,0.6872
Lincoln Christian University,0.6875
Saint Vincent College,0.6875
Herzing University-Brookfield,0.6875
Mount Aloysius College,0.6876
Wofford College,0.688
AIB College of Business,0.6887
Charleston Southern University,0.6887
Illinois State University,0.6892
Wheeling Jesuit University,0.6892
Mercer University,0.69
ITT Technical Institute-West Palm Beach,0.6902
Loras College,0.6903
University of Charleston,0.6905
ITT Technical Institute-Miami,0.6907
Virginia Commonwealth University,0.6913
Fashion Institute of Design & Merchandising-Orange County,0.6915
University of Northwestern-St Paul,0.6915
Rhode Island College,0.6915
University of Minnesota-Crookston,0.6916
Chamberlain College of Nursing-Ohio,0.6923
William Jessup University,0.6929
Salem State University,0.6929
Hollins University,0.693
Lourdes University,0.6932
University of Southern Indiana,0.6934
Pennsylvania State University-Penn State Shenango,0.6943
Saint Mary's College of California,0.6947
Texas A & M University-College Station,0.6947
Benedictine University,0.695
Buena Vista University,0.6955
University of Northern Colorado,0.6957
Elizabethtown College,0.6957
Indiana University-Purdue University-Indianapolis,0.6958
Warren Wilson College,0.696
North Carolina A & T State University,0.6964
ITT Technical Institute-Madison,0.6967
California State University-Sacramento,0.6968
Erskine College,0.6973
Remington College-Memphis Campus,0.6973
Calvin College,0.6975
Inter American University of Puerto Rico-San German,0.6976
Vanguard University of Southern California,0.6977
Alfred University,0.698
John Brown University,0.6982
Massachusetts College of Art and Design,0.6982
Campbell University,0.6983
Regis University,0.6986
Wagner College,0.6988
Springfield College,0.6992
Concordia University-Wisconsin,0.6992
Lincoln Memorial University,0.6995
Middle Tennessee State University,0.6996
Xavier University,0.6997
Armstrong Atlantic State University,0.6998
Aviator College of Aeronautical Science and Technology,0.7
Indiana University-South Bend,0.7003
Clearwater Christian College,0.7009
Ouachita Baptist University,0.7011
Westmont College,0.7016
Carthage College,0.7018
Dakota Wesleyan University,0.7023
ITT Technical Institute-Boise,0.7025
Virginia Polytechnic Institute and State University,0.7028
Mid-Continent University,0.7031
College of Charleston,0.7031
ITT Technical Institute-South Bend,0.7039
DeVry University-Illinois,0.704
Northwest Christian University,0.7044
Southeastern Institute-Charlotte,0.7048
Shepherds College,0.7059
Viterbo University,0.706
ITT Technical Institute-High Point,0.7062
Cottey College,0.7063
Judson University,0.7069
University of Nebraska at Omaha,0.7078
Champlain College,0.7079
Herzing University-Winter Park,0.7083
Abraham Baldwin Agricultural College,0.709
New York Conservatory for Dramatic Arts,0.709
Stonehill College,0.7091
ITT Technical Institute-Phoenix,0.7092
ITT Technical Institute-Earth City,0.7099
Eckerd College,0.7104
DeVry University-Minnesota,0.7105
University of Louisville,0.7112
The King’s College,0.7115
Metropolitan State University of Denver,0.7116
Fairfield University,0.7116
Manchester University,0.7116
University of Mount Union,0.712
ITT Technical Institute-Albuquerque,0.712
Livingstone College,0.7122
West Liberty University,0.7122
University of Mobile,0.7125
Herzing University-Minneapolis,0.7126
University of the Cumberlands,0.7127
Marywood University,0.713
Tennessee Wesleyan College,0.713
Aquinas College,0.7135
Oregon Institute of Technology,0.7135
Pennsylvania State University-World Campus,0.7138
University of Illinois at Chicago,0.714
University of Massachusetts-Boston,0.7141
Columbia Area Career Center,0.7143
Carthage R9 School District-Carthage Technical Center,0.7143
Maranatha Baptist University,0.7146
King's College,0.7151
Concordia University-Nebraska,0.7152
Venango County Area Vocational Technical School,0.7153
Escuela de Artes Plasticas de Puerto Rico,0.7154
Trine University,0.7157
Bethel College-Indiana,0.7158
Defiance College,0.716
California State University-Chico,0.7161
Lycoming College,0.7162
Endicott College,0.7165
St Vincent's College,0.7167
Bryan College of Health Sciences,0.7167
Goucher College,0.7173
Doane College-Crete,0.7173
Midwestern State University,0.7178
Malone University,0.7179
Elmhurst College,0.718
Bacone College,0.7182
School of the Art Institute of Chicago,0.7184
Millersville University of Pennsylvania,0.7186
Rider University,0.7187
Dominican College of Blauvelt,0.7189
Westminster College,0.719
Rasmussen College-Kansas,0.7195
Oklahoma City University,0.7198
University of Wisconsin-La Crosse,0.72
St Mary's College of Maryland,0.7204
University of North Carolina at Pembroke,0.7204
Keystone College,0.7205
Milwaukee Career College,0.7207
Fitchburg State University,0.7211
ITT Technical Institute-Dayton,0.7211
Luther College,0.7212
University of Massachusetts-Dartmouth,0.7213
Seattle Pacific University,0.7214
California State University-Stanislaus,0.7215
Indiana University-Bloomington,0.7217
Purdue University-North Central Campus,0.7218
Truman State University,0.7219
Good Samaritan College of Nursing and Health Science,0.7222
W F Kaynor Technical High School,0.7222
Jefferson Lewis BOCES-Practical Nursing Program,0.7222
MidAmerica Nazarene University,0.7223
Indiana Institute of Technology,0.7225
Winthrop University,0.7225
Tusculum College,0.7225
Holy Cross College,0.7231
Susquehanna University,0.7233
Herzing University-Birmingham,0.7234
Mount Marty College,0.7239
ITT Technical Institute-Strongsville,0.7239
Northwest Missouri State University,0.7241
Academy of Couture Art,0.7241
Regis College,0.7243
Dunwoody College of Technology,0.7243
Thomas College,0.7244
DeVry University-North Carolina,0.7246
Bowling Green State University-Main Campus,0.7247
The University of Tennessee-Knoxville,0.7249
University of Puerto Rico-Mayaguez,0.725
Canisius College,0.7251
Hope College,0.7253
ITT Technical Institute-Brooklyn Center,0.7255
Maryville College,0.7259
Roberts Wesleyan College,0.726
Cleary University,0.7263
University of the Pacific,0.7265
The College of Saint Scholastica,0.7265
ITT Technical Institute-Louisville,0.7266
Molloy College,0.7267
Lawrence University,0.7269
University of Great Falls,0.7272
Talmudical Yeshiva of Philadelphia,0.7273
ITT Technical Institute-Norwood,0.7277
Roanoke College,0.7281
Oakland City University,0.7285
Biola University,0.7286
Inter American University of Puerto Rico-Guayama,0.7286
Prescott College,0.7293
University of Baltimore,0.7295
Ohio University-Main Campus,0.7295
ITT Technical Institute-Tampa,0.7297
Southern Oregon University,0.7304
University of South Carolina-Beaufort,0.7304
University of New Hampshire at Manchester,0.7306
SUNY College of Agriculture and Technology at Cobleskill,0.7309
College of Mount Saint Vincent,0.731
Northern Michigan University,0.7313
University of South Carolina-Salkehatchie,0.7313
Herzing University-Atlanta,0.7317
Wheelock College,0.7318
Houston Baptist University,0.7318
Seattle University,0.7323
University of Cincinnati-Main Campus,0.7325
The University of Texas at San Antonio,0.7327
Ringling College of Art and Design,0.7331
Westminster College,0.7336
DeVry University-Florida,0.7336
Northeastern State University,0.7337
Fairleigh Dickinson University-Metropolitan Campus,0.7341
Tabor College,0.735
York College Pennsylvania,0.7351
ITT Technical Institute-Salem,0.7351
Indiana University-Kokomo,0.7355
East Texas Baptist University,0.7362
Hastings College,0.7364
Saint Anselm College,0.7365
College of the Atlantic,0.7367
College of the Marshall Islands,0.7367
Bayamon Central University,0.7368
Mercy Hospital School of Nursing,0.7368
University of North Dakota,0.737
Otterbein University,0.7374
Tribeca Flashpoint Media Arts Academy,0.7375
Pennsylvania State University-Penn State New Kensington,0.7379
Judson College,0.7388
Point Park University,0.7393
Southeastern Institute-Charleston,0.7395
Cedarville University,0.7401
West Texas A & M University,0.7403
Coastal Carolina University,0.7404
Embry-Riddle Aeronautical University-Daytona Beach,0.7405
New York Institute of Technology,0.7407
Mount St Mary's College,0.7409
Butler Tech-D Russel Lee Career Center,0.7409
Duquesne University,0.7409
Juniata College,0.7409
Ferrum College,0.7411
Union University,0.7412
Rasmussen College-Wisconsin,0.7414
Union College,0.7416
University of Oregon,0.7417
Laurel Technical Institute,0.7418
University of Missouri-St Louis,0.7419
DeVry University-Colorado,0.7419
Assumption College,0.7422
Louisiana College,0.7423
Cabrini College,0.7428
Mercy College of Ohio,0.7429
Ashland University,0.7438
Rasmussen College-Florida,0.7439
ITT Technical Institute-Douglasville,0.7439
University of New Haven,0.7441
Hondros College,0.7442
Glenville State College,0.7446
The University of Virginia's College at Wise,0.7449
Louisiana Culinary Institute,0.7451
Life University,0.7454
Bethany Lutheran College,0.7458
Marymount Manhattan College,0.7463
Paul Smiths College of Arts and Science,0.7474
Arizona State University-Polytechnic,0.7479
California Maritime Academy,0.748
Life Pacific College,0.7482
Valley Forge Military College,0.7484
Saint Mary's University of Minnesota,0.7485
Grace Bible College,0.7486
Westfield State University,0.7487
MacMurray College,0.7488
School of Visual Arts,0.7489
College of Our Lady of the Elms,0.7492
Knox College,0.7496
National Conservatory of Dramatic Arts,0.75
Flint Institute of Barbering Inc,0.75
Akron Institute of Herzing University,0.75
Syracuse City Schools Practical Nursing Program,0.75
DeVry University-Utah,0.75
LIM College,0.7502
University of Scranton,0.7503
ITT Technical Institute-Bessemer,0.7506
Texas State University,0.7508
Saint Michael's College,0.7511
William Woods University,0.7514
Ripon College,0.7515
Saint Johns University,0.7516
Westminster College,0.7517
University of Hawaii at Hilo,0.752
Polytechnic Institute of New York University,0.7523
Waynesburg University,0.7523
ITT Technical Institute-Tulsa,0.7523
Remington College-Cleveland Campus,0.7526
George Fox University,0.7528
Ohio Wesleyan University,0.7533
Mercyhurst University,0.7536
Saint Joseph's College-New York,0.7538
The University of the Arts,0.7539
Southern Connecticut State University,0.7542
Dordt College,0.7542
Rockhurst University,0.7543
University of Wisconsin-Parkside,0.7547
Arkansas State University-Main Campus,0.7551
University of California-Merced,0.7551
College of Saint Benedict,0.7554
Green Mountain College,0.7555
ITT Technical Institute-Lexington,0.7558
Marian University,0.7561
University of Washington-Bothell Campus,0.7568
Arizona State University-Downtown Phoenix,0.757
Herzing University-Toledo,0.7576
DeSales University,0.758
DeVry College of New York,0.7581
Holy Family University,0.7585
Marlboro College,0.7586
University of Colorado Denver,0.7587
McDaniel College,0.7587
National University College-Arecibo,0.7589
Ferris State University,0.759
Arizona State University-West,0.759
Aurora University,0.7595
Muskingum University,0.7596
Wilkes University,0.7598
Oklahoma State University-Main Campus,0.7602
Johnson & Wales University-Providence,0.7602
Capital University,0.7604
Saint Francis University,0.7606
Franciscan University of Steubenville,0.7607
Northwestern College,0.7609
Maryville University of Saint Louis,0.7611
Lasell College,0.7614
Pittsburgh Institute of Mortuary Science Inc,0.7615
ITT Technical Institute-Maumee,0.7615
Remington College-Honolulu Campus,0.7619
Messenger College,0.7619
Louisiana State University and Agricultural & Mechanical College,0.7623
Sacred Heart University,0.7624
Wayne State University,0.7624
Indiana University-Northwest,0.7625
Modern Technology School,0.7625
Harding University,0.7628
Inter American University of Puerto Rico-Fajardo,0.7632
University of Hawaii-West Oahu,0.7643
University of Wisconsin-Eau Claire,0.7646
Academy of Interactive Entertainment,0.7647
Bryant University,0.7655
Edgewood College,0.7656
Michigan Technological University,0.7659
Remington College-Columbia Campus,0.766
Saint Leo University,0.7662
Global Health College,0.7664
Creighton University,0.7665
The University of Tennessee-Martin,0.7668
University of Denver,0.7673
Manhattanville College,0.7674
Pacific Lutheran University,0.7676
Rasmussen College-Illinois,0.7676
Old Dominion University,0.7679
CUNY New York City College of Technology,0.768
School of the Museum of Fine Arts-Boston,0.7681
Lamar University,0.7682
Pace University-New York,0.7683
Herzing University-Kenosha,0.7683
Queens University of Charlotte,0.7686
Nebraska Wesleyan University,0.7689
University of Arizona,0.7692
University of South Carolina-Union,0.7692
ITT Technical Institute-Fort Lauderdale,0.7692
Southeastern Institute-Columbia,0.7692
West Virginia Wesleyan College,0.7696
Samford University,0.7697
Akron School of Practical Nursing,0.7705
Vaughn College of Aeronautics and Technology,0.7706
Walsh University,0.7713
DeVry University-Indiana,0.7714
Trevecca Nazarene University,0.772
University of Louisiana at Monroe,0.7724
University of St Thomas,0.7724
Massachusetts Maritime Academy,0.7726
University of Dubuque,0.7742
Colorado State University-Fort Collins,0.7743
Drew University,0.7743
Plymouth State University,0.7748
The College of Saint Rose,0.7751
Dominican University of California,0.7752
Clarke University,0.7752
University of Vermont,0.7755
AmeriTech College-Draper,0.7755
Anna Maria College,0.7756
The University of Tennessee-Chattanooga,0.7757
Lynn University,0.776
Alvernia University,0.7762
Wartburg College,0.7765
Boise State University,0.7766
Fairleigh Dickinson University-College at Florham,0.7774
Pennsylvania State University-Penn State Abington,0.7774
Saint Joseph's College of Maine,0.7778
Muhlenberg Harold B and Dorothy A Snyder Schools-School of Nursing,0.7778
DeVry University-Washington,0.7778
Cogswell College,0.7784
University of New Hampshire-Main Campus,0.7784
Georgian Court University,0.779
Monmouth University,0.7791
Cazenovia College,0.7795
Southern Polytechnic State University,0.7798
DeVry University-Ohio,0.7807
Remington College-North Houston Campus,0.7808
University of Michigan-Flint,0.7809
Remington College-Houston Campus,0.7815
University of Minnesota-Duluth,0.7822
SUNY College of Technology at Canton,0.7824
DeVry University-Missouri,0.7826
Dowling College,0.7828
Brenau University,0.7829
Greensboro College,0.7831
Radford University,0.7831
Joe Kubert School of Cartoon and Graphic Art,0.784
ITT Technical Institute-Fort Wayne,0.7841
Tennessee Temple University,0.7843
Fresno Pacific University,0.7844
East Stroudsburg University of Pennsylvania,0.7844
Johnson & Wales University-Denver,0.7848
Mercy College of Health Sciences,0.785
Saint Edward's University,0.7853
Antioch University-Seattle,0.7857
ITT Technical Institute-Overland Park,0.7857
Bridgewater State University,0.786
Merrimack College,0.786
University of Missouri-Columbia,0.7861
Saginaw Valley State University,0.7865
Southern New Hampshire University,0.7866
Marshall University,0.7868
University of Rhode Island,0.7871
Stanbridge College,0.7871
Saint Joseph's University,0.7873
Remington College-Shreveport Campus,0.7874
Roosevelt University,0.7878
California Baptist University,0.788
Grace College and Theological Seminary,0.7884
Southern Illinois University-Carbondale,0.7887
Alverno College,0.7887
Oregon State University,0.7894
California Career Institute,0.7895
Embry-Riddle Aeronautical University-Prescott,0.7898
Pittsburg State University,0.7898
Epic Bible College,0.79
Pennsylvania State University-Penn State Brandywine,0.7905
D'Youville College,0.7908
Seton Hall University,0.7916
ITT Technical Institute-Norfolk,0.7917
Thomas Aquinas College,0.7921
Washburn Institute of Technology,0.7923
Wingate University,0.793
DeVry University-Oklahoma,0.7931
Central Nursing College,0.7941
Indiana University-Southeast,0.7945
Newschool of Architecture and Design,0.7949
Orleans Technical Institute,0.7951
ITT Technical Institute-Orlando,0.7952
DeVry University-Virginia,0.7952
Immaculata University,0.7964
Eastern Washington University,0.7967
Valparaiso University,0.7969
Naropa University,0.7975
Elmira College,0.7978
Skyline College-Roanoke,0.7978
DeVry University-New Jersey,0.7978
Rasmussen College-North Dakota,0.7982
Pennsylvania State University-Penn State Greater Allegheny,0.7983
Azusa Pacific University,0.7985
Belmont University,0.7987
Husson University,0.7989
Southeastern Oklahoma State University,0.7992
Pennsylvania State University-Penn State Harrisburg,0.7994
Moravian College,0.7995
Neumont University,0.7997
Concordia College at Moorhead,0.7998
St Bonaventure University,0.7999
Mesivtha Tifereth Jerusalem of America,0.8
Samaritan Hospital School of Nursing,0.8
Northwest Nannies Institute,0.8
World Mission University,0.8
Healthcare Training Institute,0.8
Jersey College,0.8
Colorado Academy of Veterinary Technology,0.8
DeVry University-Nevada,0.8
University of Hawaii at Manoa,0.8009
Humboldt State University,0.8018
La Salle University,0.8021
Arizona State University-Tempe,0.8023
University of Iowa,0.8023
Kean University,0.8037
Hendrix College,0.8039
Citadel Military College of South Carolina,0.8041
Gannon University,0.8042
University of Oklahoma-Norman Campus,0.8044
Nichols College,0.8047
Angelo State University,0.8049
Robert Morris University,0.8051
SUNY Empire State College,0.8053
Remington College-Tampa Campus,0.806
Instituto Tecnologico de Puerto Rico-Recinto de San Juan,0.806
University of Alabama in Huntsville,0.8062
Truett-McConnell College,0.8064
DeVry University-Georgia,0.8064
Boston Baptist College,0.8065
Remington College-Dallas Campus,0.8065
University of Puerto Rico-Carolina,0.8065
ITT Technical Institute-Newburgh,0.8065
Villa Maria College,0.8066
LIU Post,0.8067
Herzing University-Madison,0.8071
University of Central Missouri,0.8083
DeVry University-Pennsylvania,0.8091
University of North Alabama,0.8092
Drury University,0.8095
New York College of Health Professions,0.8095
University of Mary Washington,0.8096
ITT Technical Institute-Jacksonville,0.8097
Roger Williams University,0.8098
St John's College,0.8099
Hood College,0.8102
Shepherd University,0.8102
University of Maine,0.8106
Spalding University,0.8108
Virginia Marti College of Art and Design,0.8108
Pennsylvania State University-Penn State Schuylkill,0.811
Carroll University,0.8114
ECPI University,0.8114
American Academy of Dramatic Arts-New York,0.8118
Brand College,0.8125
Hilbert College,0.8127
ITT Technical Institute-Wichita,0.8131
University of Wisconsin-Oshkosh,0.8134
ITT Technical Institute-Mobile,0.8134
Longwood University,0.8136
D'Mart Institute,0.8146
Drexel University,0.815
Western New England University,0.8151
Ner Israel Rabbinical College,0.8154
California College of the Arts,0.8157
Med-Assist School of Hawaii Inc,0.8158
Art Center College of Design,0.8167
University of Utah,0.8174
Kutztown University of Pennsylvania,0.8179
Brown College of Court Reporting,0.8182
Keene State College,0.8185
Sonoma State University,0.8186
Pennsylvania State University-Penn State Worthington Scranton,0.8186
Saint Norbert College,0.8194
Olivet Nazarene University,0.8196
Pennsylvania State University-Penn State Wilkes-Barre,0.8199
The University of Texas at Tyler,0.8203
Washington State University,0.8208
Colorado Mesa University,0.8212
Missouri University of Science and Technology,0.8215
Yeshiva University,0.8216
Central Washington University,0.8216
Murray State University,0.8217
Georgetown College,0.8219
College of Coastal Georgia,0.8221
Remington College-Houston Southeast Campus,0.8222
St Thomas Aquinas College,0.8224
Eastwick College-Hackensack,0.8227
Northwest College of Art & Design,0.8235
DeVry University-Maryland,0.8235
Bob Jones University,0.8241
St John's College,0.8244
Suffolk University,0.825
Iowa State University,0.8252
Marymount University,0.8252
ITT Technical Institute-Atlanta,0.8254
Vermont Technical College,0.8257
Grand Valley State University,0.826
Bennett College,0.8261
San Francisco Art Institute,0.8269
ITT Technical Institute-Aurora,0.8269
Pennsylvania State University-Penn State Mont Alto,0.8271
Auburn University,0.8274
University of Southern Maine,0.828
Hodges University,0.8281
Western Michigan University,0.8285
University of Wisconsin-Stevens Point,0.8285
International Business College-Indianapolis,0.8287
Valley City State University,0.829
Alcorn State University,0.8291
Burlington College,0.8291
Laurel Business Institute,0.8291
Dakota State University,0.8297
Savannah State University,0.8299
Post University,0.8302
Portfolio Center,0.8302
Kent State University at Kent,0.8302
Sullivan College of Technology and Design,0.8305
Indiana State University,0.8306
University of Mary,0.8307
Pennsylvania State University-Penn State Berks,0.8307
International Business College-Fort Wayne,0.8308
Indiana University-Purdue University-Fort Wayne,0.8309
Colby-Sawyer College,0.8312
Remington College-Nashville Campus,0.8315
Bethesda University of California,0.8321
Jacksonville State University,0.8326
Rasmussen College-Minnesota,0.8327
DeVry University-Texas,0.8329
University of Northern Iowa,0.8331
California Christian College,0.8333
Gnomon School of Visual Effects,0.8333
Chamberlain College of Nursing-Virginia,0.8333
John Carroll University,0.8334
ITT Technical Institute-Springfield,0.8339
ITT Technical Institute-Portland,0.8341
Shippensburg University of Pennsylvania,0.8341
University of Puerto Rico-Cayey,0.8342
Randolph College,0.8343
Gary Manuel Aveda Institute,0.8347
Louisiana State University-Shreveport,0.8349
National University College-Rio Grande,0.835
Chaminade University of Honolulu,0.8359
University of Maine at Farmington,0.837
Auburn University at Montgomery,0.8371
Western Washington University,0.8371
National University College-Ponce,0.8379
DeVry University-California,0.8381
University of Pittsburgh Medical Center-Shadyside School of Nursing,0.8387
University of Nevada-Reno,0.8396
University of Central Oklahoma,0.8398
Midstate College,0.84
Northwestern State University of Louisiana,0.84
The University of Texas of the Permian Basin,0.8401
Pennsylvania Academy of the Fine Arts,0.8406
Pennsylvania State University-Penn State Erie-Behrend College,0.8408
University of Evansville,0.8409
North Dakota State University-Main Campus,0.841
Palm Beach Atlantic University,0.8412
Southern Illinois University-Edwardsville,0.8419
L'Academie de Cuisine,0.8421
Cardinal Stritch University,0.8423
Hartwick College,0.8424
National University College-Caguas,0.8427
Sweet Briar College,0.8431
Yeshiva Shaar Hatorah,0.8438
Oswego County BOCES,0.8442
University of Indianapolis,0.8443
ITT Technical Institute-Hanover,0.8446
Morehead State University,0.8449
Montana State University,0.8449
Pennsylvania State University-Penn State York,0.845
Shenandoah University,0.8456
Metropolitan Career Center Computer Technology Institute,0.8462
University of Mary Hardin-Baylor,0.8468
University of Wisconsin-Whitewater,0.8468
Franklin Pierce University,0.8472
Merkaz Bnos-Business School,0.8472
University of Wisconsin-Green Bay,0.8476
ITT Technical Institute-Columbus,0.8478
Monongalia County Technical Education Center,0.8485
University of Nebraska at Kearney,0.8486
Arkansas Tech University,0.8503
Missouri State University-Springfield,0.851
West Virginia University,0.851
University of Nevada-Las Vegas,0.8512
Kettering College,0.8514
Regent University,0.8514
Pennsylvania State University-Penn State Altoona,0.8519
New Mexico State University-Main Campus,0.852
University of Puget Sound,0.8522
University of Washington-Tacoma Campus,0.8523
ITT Technical Institute-Duluth,0.8525
University of Pittsburgh-Bradford,0.8532
Lyme Academy College of Fine Arts,0.8537
University of Maine at Machias,0.854
Utica College,0.8542
Southeast Missouri State University,0.8546
Pennsylvania State University-Penn State Lehigh Valley,0.8548
Columbus College of Art and Design,0.8551
Remington College-Fort Worth Campus,0.8558
Pearl River Community College,0.8566
Saint Mary's College,0.8568
University of Saint Joseph,0.857
Saint Charles Borromeo Seminary-Overbrook,0.8571
ITT Technical Institute-Pittsburgh,0.8571
Career Center of Southern Illinois,0.8571
Baptist Bible College & Seminary of Pennsylvania,0.8576
Eastern Suffolk BOCES-Practical Nursing Program,0.8581
University of New England,0.8584
King's University,0.8587
Remington College-Mobile Campus,0.8588
Austin Peay State University,0.8595
Mount Saint Mary College,0.86
Instituto Tecnologico de Puerto Rico-Recinto de Manati,0.8602
Texas Woman's University,0.8603
University of South Alabama,0.8604
South Dakota School of Mines and Technology,0.8608
University of Wisconsin-Milwaukee,0.8608
Baptist Health Schools-Little Rock,0.8615
University of St Thomas,0.8617
Pacific University,0.8619
Ulster County BOCES-Practical Nursing Program,0.8625
Fortis Institute-Scranton,0.8629
Pennsylvania State University-Penn State Hazleton,0.8634
Methodist College,0.8636
ITT Technical Institute-Arlington Heights,0.864
Inter American University of Puerto Rico-Aguadilla,0.8642
Landmark College,0.8647
Bidwell Training Center Inc,0.8649
East Tennessee State University,0.8649
McPherson College,0.866
University of Wisconsin-River Falls,0.8663
Southern California Institute of Architecture,0.8667
Cambridge Junior College-Woodland,0.8667
University of Alabama at Birmingham,0.8673
ITT Technical Institute-Omaha,0.8676
Talmudical Seminary of Bobov,0.8684
ITT Technical Institute-Madison,0.8684
Baker University,0.869
LIU Brooklyn,0.869
Saint Cloud State University,0.8691
Nicholls State University,0.8694
Universidad Adventista de las Antillas,0.8694
Calvary Bible College and Theological Seminary,0.8696
ITT Technical Institute-Tarentum,0.8696
ITT Technical Institute-Pensacola,0.8696
ITT Technical Institute-Chantilly,0.8703
Loyola University New Orleans,0.8707
ITT Technical Institute-Troy,0.8711
ITT Technical Institute-Levittown,0.8718
Notre Dame de Namur University,0.872
University of Montevallo,0.8729
Laboure College,0.873
Pennsylvania State University-Penn State Beaver,0.8731
Edinboro University of Pennsylvania,0.8735
Lincoln College,0.8747
Fort Lewis College,0.875
Rabbinical College Telshe,0.875
Aria Health School of Nursing,0.875
College of Mount St Joseph,0.8755
Taylor University,0.876
Saint Martin's University,0.876
ITT Technical Institute-Philadelphia,0.877
University of Colorado Boulder,0.8771
Kendall College,0.8773
Thomas More College,0.8775
Lock Haven University,0.8777
Keuka College,0.8778
University of South Dakota,0.8788
Pennsylvania State University-Penn State Dubois,0.8793
Simpson College,0.8802
Texas A & M University-Kingsville,0.881
Spartanburg Methodist College,0.8812
Touro University Worldwide,0.8814
John Paul the Great Catholic University,0.8815
Felician College,0.8819
Western Oregon University,0.882
DeVry University-Arizona,0.8834
Mary Baldwin College,0.8835
ITT Technical Institute-Dunmore,0.8837
Southwestern Christian University,0.884
Bradford School,0.8844
ITT Technical Institute-Cary,0.8846
ITT Technical Institute-Norwood,0.8854
Bloomsburg University of Pennsylvania,0.8856
Quincy University,0.8859
University of South Carolina-Lancaster,0.888
Unity College,0.8882
ITT Technical Institute-Plymouth Meeting,0.8882
Charles R Drew University of Medicine and Science,0.8889
J Everett Light Career Center,0.8889
Universidad Politecnica de Puerto Rico,0.8889
School of Automotive Machinists,0.8889
ITT Technical Institute-Germantown,0.8889
Montana Tech of the University of Montana,0.8891
Cambridge Junior College-Yuba City,0.8906
Rockland County BOCES-Practical Nursing Program,0.8909
Minnesota State University-Moorhead,0.8911
Fort Hays State University,0.8917
King's College,0.8917
Pennsylvania State University-Penn State Fayette- Eberly,0.8918
Lexington College,0.8919
MCPHS University,0.8921
ITT Technical Institute-Southfield,0.8921
Black Hills State University,0.8924
Southeastern College-Greenacres,0.8924
ITT Technical Institute-Concord,0.8926
University of Wisconsin-Stout,0.8927
University of Wisconsin-Superior,0.8927
Rivier University,0.8928
Pacific Islands University,0.8929
Wittenberg University,0.8932
Delta State University,0.8941
Culinary Institute of America,0.8967
Southwestern College,0.8968
Cox College,0.8975
ITT Technical Institute-Greenville,0.8984
Alabama A & M University,0.8989
University of Central Arkansas,0.8997
New England College,0.8997
International Yacht Restoration School,0.9
ITT Technical Institute-DeSoto,0.9
ITT Technical Institute-Bradenton,0.9
EDIC College,0.9001
University of Dallas,0.9011
Northwestern College-Chicago Campus,0.9016
ITT Technical Institute-Indianapolis,0.9018
ITT Technical Institute-Oakland,0.902
Trinity Christian College,0.9022
Southwest Baptist University,0.9022
National University College-Bayamon,0.9022
Notre Dame College,0.9024
Southwestern Oklahoma State University,0.9026
Jefferson County Dubois Area Vocational Technical Practical Nursing Program,0.9032
Advanced Technology Institute,0.9034
University of Pittsburgh-Johnstown,0.9038
Remington College-Baton Rouge Campus,0.9038
ITT Technical Institute-Eden Prairie,0.9048
Indiana University of Pennsylvania-Main Campus,0.9049
The College of Idaho,0.905
Columbia College-Chicago,0.9053
ITT Technical Institute-Culver City,0.9058
University of Toledo,0.9073
William Peace University,0.9086
Kenrick Glennon Seminary,0.9091
Appalachian Bible College,0.9091
Medical Professional Institute,0.9091
Centenary College,0.9094
ITT Technical Institute-Orange,0.91
University of Colorado Colorado Springs,0.91
Everglades University,0.9104
Houghton College,0.9108
Concordia University-Irvine,0.9119
ITT Technical Institute-Arlington,0.9121
ITT Technical Institute-Richmond,0.9132
Northern Arizona University,0.9137
Loyola University Chicago,0.914
CUNY Medgar Evers College,0.9141
Portland Actors Conservatory,0.9143
American Institute of Alternative Medicine,0.9153
ITT Technical Institute-Durham,0.9153
ITT Technical Institute-Harrisburg,0.9161
Lee University,0.9165
Mesivta Torah Vodaath Rabbinical Seminary,0.9167
Davenport University,0.917
Lake Superior State University,0.9183
South Dakota State University,0.919
Remington College-Lafayette Campus,0.9192
ITT Technical Institute-Johnson City,0.9197
ITT Technical Institute-Grand Rapids,0.92
Freed-Hardeman University,0.9203
Castleton State College,0.9205
Iona College,0.9212
Linfield College-McMinnville Campus,0.9219
Bard College at Simon's Rock,0.922
ITT Technical Institute-Austin,0.9222
Autry Technology Center,0.9224
University of Kansas,0.9228
Mansfield University of Pennsylvania,0.9229
Western Kentucky University,0.9232
University of Puerto Rico-Aguadilla,0.9234
Instituto Tecnologico de Puerto Rico-Recinto de Ponce,0.9241
ITT Technical Institute-Wilmington,0.9244
ITT Technical Institute-Indianapolis East,0.9245
ITT Technical Institute-Marlton,0.9251
Texas A & M University-Corpus Christi,0.9258
ITT Technical Institute-Huntington,0.9259
Schreiner University,0.9262
Adult and Community Education-Hudson,0.9265
Northwestern College-Southwestern Campus,0.9265
California University of Pennsylvania,0.9269
Walla Walla University,0.9286
ITT Technical Institute-Clovis,0.929
ITT Technical Institute-Seattle,0.9293
ITT Technical Institute-National City,0.9298
Hebrew Theological College,0.9299
American Academy of Art,0.93
ITT Technical Institute-San Antonio,0.9303
ITT Technical Institute-Liverpool,0.9304
University of the Incarnate Word,0.9307
Circle in the Square Theater School,0.931
ITT Technical Institute-Oak Brook,0.931
University of Pittsburgh-Greensburg,0.9311
Virginia Wesleyan College,0.9311
Tennessee Technological University,0.9316
Western State Colorado University,0.932
Keiser University-Ft Lauderdale,0.9331
Annenberg School of Nursing,0.9333
Northern State University,0.9334
Chester County Intermediate Unit,0.9344
Clarion University of Pennsylvania,0.9348
ITT Technical Institute-Waco,0.9355
ITT Technical Institute-Torrance,0.9357
ITT Technical Institute-San Bernardino,0.9367
ITT Technical Institute-Houston West,0.9368
Southern Wesleyan University,0.937
Trinity International University-Illinois,0.9372
ITT Technical Institute-Phoenix West,0.9375
Marygrove College,0.9378
Sterling College,0.9388
ITT Technical Institute-Sylmar,0.9406
ITT Technical Institute-Oxnard,0.9406
The University of Montana,0.9423
ITT Technical Institute-Houston North,0.9424
ITT Technical Institute-Wyoming,0.9432
ITT Technical Institute-Chattanooga,0.9432
Colorado State University-Pueblo,0.9434
ITT Technical Institute-Arnold,0.944
ITT Technical Institute-Kennesaw,0.944
ITT Technical Institute-Everett,0.9444
ITT Technical Institute-Greenfield,0.945
Virginia State University,0.9459
Saint Gregory's University,0.9468
Bellarmine University,0.9478
ITT Technical Institute-Columbia,0.9478
Bethel University,0.9485
ITT Technical Institute-Charlotte South,0.9487
Lubbock Christian University,0.9489
University of Houston-Downtown,0.9509
ITT Technical Institute-Getzville,0.9511
Erie Business Center-Erie,0.9514
ITT Technical Institute-Owings Mills,0.9514
Indiana Wesleyan University,0.9515
North Central University,0.9521
Carlow University,0.9522
Conception Seminary College,0.9524
Penn Commercial Business/Technical School,0.9524
ITT Technical Institute-Henderson,0.9524
Southeastern College-Jacksonville,0.9524
ITT Technical Institute-Myrtle Beach,0.9524
ITT Technical Institute-Spokane Valley,0.9538
University of Pittsburgh-Titusville,0.954
Grand View University,0.9542
ITT Technical Institute-North Charleston,0.9545
Victory University,0.9547
ITT Technical Institute-San Antonio East,0.9556
American College of Healthcare Sciences,0.9559
Sessions College for Professional Design,0.9565
ITT Technical Institute-Charlotte North,0.9567
University of Wyoming,0.9569
Trinity Lutheran College,0.9574
Monty Tech,0.9574
Wichita State University,0.9576
Associated Beth Rivkah Schools,0.9583
ITT Technical Institute-Baton Rouge,0.9588
Kansas State University,0.9591
MIAT College of Technology,0.9593
ITT Technical Institute-Westminster,0.9597
Pfeiffer University,0.9609
Southeastern Bible College,0.9615
Transylvania University,0.9615
ITT Technical Institute-San Dimas,0.9617
Saint Ambrose University,0.9617
Martin Luther College,0.9617
Maine College of Art,0.9625
ITT Technical Institute-Salem,0.9633
South Hills School of Business & Technology,0.9634
Park University,0.9638
Virginia Intermont College,0.9646
University of Wisconsin-Platteville,0.9647
University of Akron Main Campus,0.9649
ITT Technical Institute-Kansas City,0.9657
Nyack College,0.9671
Utah State University,0.9674
ITT Technical Institute-Las Vegas,0.968
Johnson State College,0.9688
Trocaire College,0.9689
University of Sioux Falls,0.969
ITT Technical Institute-Murray,0.9694
ITT Technical Institute-Tucson,0.9703
The Evergreen State College,0.9709
Ohio Christian University,0.9711
Northwest University,0.972
ITT Technical Institute-Webster,0.972
ITT Technical Institute-Madison,0.9721
ITT Technical Institute-Saint Rose,0.9727
Missouri Southern State University,0.9728
ITT Technical Institute-Lathrop,0.973
Huntington University,0.9732
Greene County Career and Technology Center,0.9744
Saint Mary-of-the-Woods College,0.9754
ITT Technical Institute-Cordova,0.9757
Colegio Universitario de San Juan,0.9762
Colorado Christian University,0.9764
ITT Technical Institute-Albany,0.9767
New Hope Christian College-Honolulu,0.9767
Seminar L'moros Bais Yaakov,0.9781
University of the Virgin Islands,0.9782
ITT Technical Institute-Tempe,0.9796
ITT Technical Institute-Knoxville,0.9798
Brooks Institute,0.98
Michigan Jewish Institute,0.981
East Central University,0.9814
ITT Technical Institute-Corona,0.9814
Compass College of Cinematic Arts,0.9815
ITT Technical Institute-Clive,0.9823
ITT Technical Institute-Dearborn,0.9826
ITT Technical Institute-Swartz Creek,0.9831
Antonelli Medical and Professional Institute,0.9844
EDP Univeristy of Puerto Rico Inc-San Juan,0.9845
Paul Quinn College,0.9858
Wayland Baptist University,0.9862
ITT Technical Institute-Little Rock,0.9873
National Louis University,0.9881
Saint Louis Christian College,0.9886
Musicians Institute,0.9888
Ottawa University-Ottawa,0.9888
University of Wisconsin Colleges,0.9899
ITT Technical Institute-Springfield,0.9907
ITT Technical Institute-Springfield,0.9918
Roane State Community College,0.9922
Atlanta Institute of Music,0.9924
Lyndon State College,0.9934
Southern Vermont College,0.994
Embry-Riddle Aeronautical University-Worldwide,0.9944
University of West Alabama,0.9957
Brigham Young University-Idaho,0.9963
Walters State Community College,0.9974
Santa Fe University of Art and Design,0.9975
College of Staten Island CUNY,0.9975
Lewis-Clark State College,0.9977
The University of Texas at El Paso,0.9981
Southern Virginia University,0.9987
Carrington College-Phoenix,1.0
Carrington College-Mesa,1.0
Carrington College-Tucson,1.0
Casa Loma College-Van Nuys,1.0
Coleman University,1.0
Glendale Career College,1.0
North-West College-Pomona,1.0
North-West College-West Covina,1.0
North-West College-Pasadena,1.0
Concorde Career College-San Diego,1.0
Shasta Bible College and Graduate School,1.0
Concorde Career College-Garden Grove,1.0
Concorde Career College-San Bernardino,1.0
Concorde Career College-North Hollywood,1.0
Yeshiva Ohr Elchonon Chabad West Coast Talmudical Seminary,1.0
Concorde Career College-Aurora,1.0
Montessori Education Center of the Rockies,1.0
Concorde Career Institute-Jacksonville,1.0
Concorde Career Institute-Miramar,1.0
Concorde Career Institute-Tampa,1.0
Saint John Vianney College Seminary,1.0
Carrington College-Boise,1.0
Boise Bible College,1.0
Taylor Business Institute,1.0
Telshe Yeshiva-Chicago,1.0
Harrison College-Indianapolis,1.0
Divine Word College,1.0
Concorde Career Colleges,1.0
University of Pikeville,1.0
Saint John's Seminary,1.0
Sacred Heart Major Seminary,1.0
Metropolitan State University,1.0
Grand River Technical School,1.0
Lutheran School of Nursing,1.0
Missouri Tech,1.0
Montana State University-Northern,1.0
duCret School of Arts,1.0
Rabbinical College of America,1.0
Talmudical Academy-New Jersey,1.0
Institute of American Indian and Alaska Native Culture,1.0
Joffrey Ballet School,1.0
Beth Hatalmud Rabbinical College,1.0
Beth Hamedrash Shaarei Yosher Institute,1.0
Central Yeshiva Tomchei Tmimim Lubavitz,1.0
Yeshiva of Far Rockaway Derech Ayson Rabbinical Seminary,1.0
Helene Fuld College of Nursing,1.0
Machzikei Hadath Rabbinical College,1.0
Mesivta of Eastern Parkway-Yeshiva Zichron Meilech,1.0
Ohr Hameir Theological Seminary,1.0
Rabbinical Academy Mesivta Rabbi Chaim Berlin,1.0
Rabbinical College Beth Shraga,1.0
Rabbinical Seminary M'kor Chaim,1.0
St James Mercy Hospital School of Radiologic Science,1.0
Talmudical Seminary Oholei Torah,1.0
Talmudical Institute of Upstate New York,1.0
Torah Temimah Talmudical Seminary,1.0
Yeshiva Karlin Stolin,1.0
Yeshivat Mikdash Melech,1.0
Yeshiva Derech Chaim,1.0
Yeshivath Viznitz,1.0
Yeshivath Zichron Moshe,1.0
Aultman College of Nursing and Health Sciences,1.0
Gods Bible School and College,1.0
Hannah E Mullins School of Practical Nursing,1.0
Casal Aveda Institute,1.0
Trinity Health System School of Nursing,1.0
Cuyahoga Valley Career Center,1.0
Spartan College of Aeronautics and Technology,1.0
Concorde Career College-Portland,1.0
Mount Angel Seminary,1.0
Conemaugh Valley Memorial Hospital,1.0
New Castle School of Trades,1.0
Cleveland State Community College,1.0
Concorde Career College-Memphis,1.0
Southwest Tennessee Community College,1.0
Baptist Missionary Association Theological Seminary,1.0
Goddard College,1.0
Wood County School of Practical Nursing,1.0
Modern Hairstyling Institute-Bayamon,1.0
Modern Hairstyling Institute-Arecibo,1.0
Bais Medrash Elyon,1.0
Carrington College-Portland,1.0
Carrington College California-San Leandro,1.0
Yeshiva Gedolah of Greater Detroit,1.0
TDDS Technical Institute,1.0
Carrington College-Phoenix Westside,1.0
Brandman University,1.0
Western Area Career and Technology Center,1.0
North-West College-Glendale,1.0
Greater Lowell Technical School,1.0
Rabbi Jacob Joseph School,1.0
College of Health Care Professions-Northwest,1.0
Yeshivas Novominsk,1.0
Rabbinical College of Ohr Shimon Yisroel,1.0
Shawsheen Valley Regional Vocational Technical School,1.0
Nevada Career Institute,1.0
Southeast Missouri Hospital College of Nursing and Health Sciences,1.0
Orange Ulster BOCES-Practical Nursing Program,1.0
Washington Saratoga Warren Hamilton Essex BOCES-Practical Nursing Program,1.0
Yeshiva D'monsey Rabbinical College,1.0
Cayce Reilly School of Massotherapy,1.0
Delaware County Technical School-Practical Nursing Program,1.0
Yeshiva of the Telshe Alumni,1.0
The College of Health Care Professions-Austin,1.0
Carrington College California-San Jose,1.0
Carrington College California-Pleasant Hill,1.0
Modern Hairstyling Institute-Carolina,1.0
Carrington College-Spokane,1.0
Vinal Technical High School,1.0
Orleans Niagara BOCES-Practical Nursing Program,1.0
Yeshiva Shaarei Torah of Rockland,1.0
Concorde Career College-Grand Prairie,1.0
Birthwise Midwifery School,1.0
Carrington College-Albuquerque,1.0
Beis Medrash Heichal Dovid,1.0
North-West College-Riverside,1.0
The College of Health Care Professions-Southwest Houston,1.0
The College of Health Care Professions-San Antonio,1.0
Center for Natural Wellness School of Massage Therapy,1.0
StenoTech Career Institute-Piscataway,1.0
Carrington College California-Stockton,1.0
Carrington College California-Citrus Heights,1.0
Yeshivas Be'er Yitzchok,1.0
Yeshiva Toras Chaim,1.0
Virginia College-Montgomery,1.0
Casal Institute of Nevada,1.0
Yeshiva of Machzikai Hadas,1.0
Carrington College-Las Vegas,1.0
Carrington College-Reno,1.0
San Diego Culinary Institute,1.0
Bethel College,1.0
Harrison College-Grove City,1.0
ITT Technical Institute-West Covina,1.0
Concorde Career Institute-Dallas,1.0
Concorde Career Institute-Orlando,1.0
Concorde Career Institute-San Antonio,1.0
Mesivta Keser Torah,1.0
Carrington College California-Pomona,1.0
Harrison College-Morrisville,1.0
Carrington College-Mesquite,1.0
Bais HaMedrash and Mesivta of Baltimore,1.0
Yeshiva Gedolah Zichron Leyma,1.0
Be'er Yaakov Talmudic Seminary,1.0
MotoRing Technical Training Institute,1.0
Gemini School of Visual Arts & Communication,1.0
Lawrence & Company College of Cosmetology,1.0
Yeshiva Gedolah Kesser Torah,1.0
Yeshiva Yesodei Hatorah,1.0
