Rosalind Franklin University of Medicine and Science,250000.0
SUNY Downstate Medical Center,229100.0
University of Medicine and Dentistry of New Jersey,218500.0
Upstate Medical University,212200.0
University of Texas Southwestern Medical Center,186100.0
Harvard University,170100.0
Midwestern University-Glendale,151900.0
Massachusetts Institute of Technology,140300.0
Samuel Merritt University,138800.0
Massachusetts College of Pharmacy and Health Sciences,138300.0
Albany College of Pharmacy and Health Sciences,137800.0
Stanford University,137100.0
Georgetown University,136500.0
Princeton University,134800.0
Rush University,131100.0
Duke University,129500.0
University of Pennsylvania,129500.0
University of Colorado Denver,125800.0
California Institute of Technology,125400.0
Babson College,124700.0
University of the Sciences,124400.0
The University of Texas Health Science Center at Houston,123800.0
United States Merchant Marine Academy,122800.0
Columbia University in the City of New York,121300.0
University of Maryland-Baltimore,119800.0
Dartmouth College,119600.0
Yale University,116600.0
University of the Pacific,116100.0
Carnegie Mellon University,111900.0
Cornell University,111100.0
Medical University of South Carolina,111000.0
University of Chicago,110500.0
California Maritime Academy,110300.0
Maine Maritime Academy,108600.0
Washington and Lee University,108400.0
Massachusetts Maritime Academy,108200.0
Charles R Drew University of Medicine and Science,107800.0
Claremont McKenna College,107800.0
Harvey Mudd College,106800.0
Stevens Institute of Technology,105300.0
Lehigh University,104900.0
Tufts University,104000.0
Rensselaer Polytechnic Institute,103400.0
University of Notre Dame,103000.0
Johns Hopkins University,102800.0
University of Nebraska Medical Center,102600.0
Capella University,101800.0
The University of Texas Health Science Center at San Antonio,100700.0
Boston College,100200.0
Northwestern University,99400.0
Bentley University,99400.0
Santa Clara University,99200.0
University of Southern California,99000.0
Villanova University,99000.0
Thomas Jefferson University,98900.0
Loma Linda University,98700.0
Colorado School of Mines,98500.0
SUNY Maritime College,98400.0
Georgia Institute of Technology-Main Campus,98300.0
Oregon Health & Science University,98100.0
University of California-Berkeley,97600.0
Williams College,97000.0
Worcester Polytechnic Institute,96600.0
Washington University in St Louis,96600.0
Bucknell University,96400.0
Polytechnic Institute of New York University,96200.0
Ohio Northern University,96200.0
George Washington University,96100.0
Rice University,95600.0
Rose-Hulman Institute of Technology,95500.0
Case Western Reserve University,95100.0
Pepperdine University,94600.0
Golden Gate University-San Francisco,94300.0
Brown University,94000.0
Fairfield University,93700.0
Wake Forest University,93600.0
University of San Francisco,92800.0
Drake University,92800.0
Lafayette College,92800.0
Vanderbilt University,92700.0
College of the Holy Cross,92200.0
Potomac College-Washington,91900.0
Potomac College-Herndon,91900.0
Cooper Union for the Advancement of Science and Art,91700.0
Illinois Institute of Technology,91400.0
Kettering University,91000.0
Emory University,90800.0
Amherst College,90300.0
University of Richmond,90300.0
New York University,90200.0
Colgate University,89900.0
Brigham Young University-Provo,89700.0
Saint Marys College of California,89400.0
The University of Texas Medical Branch,89300.0
University of Arkansas for Medical Sciences,89100.0
Texas Tech University Health Sciences Center,89100.0
New Jersey Institute of Technology,89000.0
Georgia Health Sciences University,88800.0
University of California-Los Angeles,88600.0
University of California-San Diego,88100.0
Davidson College,87900.0
University of Virginia-Main Campus,87900.0
University of Michigan-Ann Arbor,87500.0
Creighton University,87300.0
Clarkson University,87000.0
University of Rochester,86900.0
Loyola University Maryland,86700.0
College of William and Mary,86700.0
California Polytechnic State University-San Luis Obispo,86400.0
Hamilton College,85900.0
Manhattan College,85600.0
University of California-Davis,85500.0
Union College,85400.0
Boston University,85100.0
Art Center College of Design,85000.0
Butler University,84900.0
Monterey Institute of International Studies,84800.0
Middlebury College,84800.0
Embry-Riddle Aeronautical University-Prescott,84500.0
Embry-Riddle Aeronautical University-Daytona Beach,84500.0
Northeastern University,84500.0
Embry-Riddle Aeronautical University-Worldwide,84500.0
Louisiana State University Health Sciences Center-New Orleans,84200.0
Capitol College,84100.0
Molloy College,84100.0
Pace University-New York,84000.0
Drexel University,84000.0
SUNY at Binghamton,83500.0
Tulane University of Louisiana,83300.0
Missouri University of Science and Technology,83100.0
Trinity College,82900.0
University of Maryland-College Park,82900.0
Virginia Polytechnic Institute and State University,82800.0
Brandeis University,82700.0
University of Illinois at Urbana-Champaign,82300.0
New Mexico Institute of Mining and Technology,82000.0
Barnard College,82000.0
Bryant University,81900.0
The University of Texas at Austin,81900.0
University of Baltimore,81800.0
Xavier University of Louisiana,81700.0
Loyola Marymount University,81600.0
University of San Diego,81600.0
Providence College,81400.0
George Mason University,81400.0
Milwaukee School of Engineering,81200.0
American University,81100.0
Duquesne University,81000.0
University of California-Irvine,80500.0
Wellesley College,80500.0
San Jose State University,80300.0
Bowdoin College,80300.0
Stonehill College,80100.0
Fordham University,80100.0
Southern Methodist University,80100.0
Rochester Institute of Technology,80000.0
Yeshiva University,80000.0
Saint Joseph's University,79800.0
University of Phoenix-Phoenix-Hohokam Campus,79600.0
Alliant International University,79600.0
St John's University-New York,79600.0
University of Phoenix-San Diego Campus,79600.0
University of Phoenix-Utah Campus,79600.0
University of Phoenix-Puerto Rico Campus,79600.0
University of Phoenix-Southern Arizona Campus,79600.0
University of Phoenix-Colorado Campus,79600.0
University of Phoenix-Albuquerque Campus,79600.0
University of Phoenix-Bay Area Campus,79600.0
University of Phoenix-Southern California Campus,79600.0
University of Phoenix-Las Vegas Campus,79600.0
University of Phoenix-Sacramento Valley Campus,79600.0
University of Phoenix-Hawaii Campus,79600.0
University of Phoenix-Louisiana Campus,79600.0
University of Phoenix-Metro Detroit Campus,79600.0
University of Phoenix-Western Washington Campus,79600.0
University of Phoenix-Central Florida Campus,79600.0
University of Phoenix-Oregon Campus,79600.0
University of Phoenix-South Florida Campus,79600.0
University of Phoenix-North Florida Campus,79600.0
University of Phoenix-West Florida Campus,79600.0
University of Phoenix-Maryland Campus,79600.0
University of Phoenix-Oklahoma City Campus,79600.0
University of Phoenix-Tulsa Campus,79600.0
University of Phoenix-Southern Colorado Campus,79600.0
University of Phoenix-West Michigan Campus,79600.0
University of Phoenix-Philadelphia Campus,79600.0
University of Phoenix-Pittsburgh Campus,79600.0
University of Phoenix-St Louis Campus,79600.0
University of Phoenix-Cleveland Campus,79600.0
University of Phoenix-Boston Campus,79600.0
University of Phoenix-Dallas Campus,79600.0
University of Phoenix-Houston Campus,79600.0
University of Phoenix-Milwaukee Campus,79600.0
University of Phoenix-Idaho Campus,79600.0
University of Phoenix-Kansas City Campus,79600.0
University of Phoenix-Atlanta Campus,79600.0
University of Phoenix-Chicago Campus,79600.0
University of Phoenix-Nashville Campus,79600.0
University of Phoenix-Northern Virginia Campus,79600.0
University of Phoenix-Cincinnati Campus,79600.0
University of Phoenix-Wichita Campus,79600.0
University of Phoenix-Charlotte Campus,79600.0
University of Phoenix-Indianapolis Campus,79600.0
University of Phoenix-Columbus Georgia Campus,79600.0
University of Phoenix-Memphis Campus,79600.0
University of Phoenix-Columbus Ohio Campus,79600.0
University of Phoenix-Little Rock Campus,79600.0
University of Phoenix-Jersey City Campus,79600.0
University of Phoenix-Minneapolis/St Paul Campus,79600.0
University of Phoenix-Louisville Campus,79600.0
University of Phoenix-Central Valley Campus,79600.0
University of Phoenix-Cheyenne Campus,79600.0
University of Phoenix-Springfield Campus,79600.0
University of Phoenix-Des Moines Campus,79600.0
University of Phoenix-San Antonio Campus,79600.0
University of Phoenix-Austin Campus,79600.0
University of Phoenix-Richmond Campus,79600.0
University of Phoenix-Raleigh Campus,79600.0
University of Phoenix-Savannah Campus,79600.0
University of Phoenix-Northern Nevada Campus,79600.0
University of Phoenix-Omaha Campus,79600.0
University of Phoenix-Northwest Arkansas Campus,79600.0
University of Phoenix-Northwest Indiana Campus,79600.0
University of Phoenix-Madison Campus,79600.0
University of Phoenix-Columbia Campus,79600.0
University of Phoenix-Fairfield County Campus,79600.0
University of Phoenix-Harrisburg Campus,79600.0
University of Phoenix-Birmingham Campus,79600.0
University of Phoenix-Augusta Campus,79600.0
University of Phoenix-Washington DC Campus,79600.0
University of Phoenix-Chattanooga Campus,79600.0
Syracuse University,79500.0
Michigan Technological University,79200.0
Muhlenberg College,79100.0
Texas A & M University-Galveston,79000.0
Texas A & M University-College Station,79000.0
Western New England University,78800.0
Menlo College,78600.0
University of Scranton,78500.0
Seton Hall University,78400.0
Trinity University,78400.0
Strayer University-District of Columbia,78200.0
Strayer University-Virginia,78200.0
Marquette University,78200.0
Strayer University-Maryland,78200.0
Strayer University-Tennessee,78200.0
Strayer University-Pennsylvania,78200.0
Strayer University-Florida,78200.0
Strayer University-Delaware,78200.0
Strayer University-Alabama,78200.0
Strayer University-Kentucky,78200.0
Strayer University-North Carolina,78200.0
Strayer University-New Jersey,78200.0
Strayer University-West Virginia,78200.0
Strayer University-Utah,78200.0
Strayer University-Georgia,78200.0
Strayer University-South Carolina,78200.0
Strayer University-Texas,78200.0
Strayer University-Global Region,78200.0
Stony Brook University,78000.0
Mount St. Mary's College,77900.0
CUNY Bernard M Baruch College,77900.0
University of Miami,77800.0
Rutgers University-Camden,77800.0
Rutgers University-New Brunswick,77800.0
Rutgers University-Newark,77800.0
Haverford College,77800.0
Purdue University-Main Campus,77700.0
Quinnipiac University,77600.0
University of Florida,77600.0
University of Washington-Seattle Campus,77600.0
University of Washington-Bothell Campus,77600.0
University of Washington-Tacoma Campus,77600.0
Dominican University of California,77500.0
University of Denver,77400.0
Catholic University of America,77400.0
Wentworth Institute of Technology,77400.0
Seattle University,77400.0
Franklin and Marshall College,77300.0
University of Maryland-University College,77200.0
Virginia Military Institute,77100.0
Saint Johns University,77000.0
Rhodes College,77000.0
Illinois Wesleyan University,76600.0
Bates College,76500.0
LeTourneau University,76500.0
Western International University,76400.0
South Dakota School of Mines and Technology,76400.0
University of North Carolina at Chapel Hill,76300.0
Lawrence Technological University,76200.0
Saint Louis University-Main Campus,76200.0
Regis University,76100.0
Hampden-Sydney College,76100.0
James Madison University,76100.0
Thomas Edison State College,75900.0
University of California-Santa Barbara,75800.0
Pacific Union College,75800.0
Pomona College,75500.0
New York Institute of Technology,75500.0
Siena College,75500.0
Hofstra University,75300.0
Wagner College,75300.0
Bellevue University,75200.0
University of Utah,75200.0
Daniel Webster College,75000.0
University of Maryland-Baltimore County,74900.0
The University of Texas at Dallas,74900.0
John Brown University,74800.0
University of Connecticut,74800.0
University of Dayton,74800.0
Marist College,74500.0
Samford University,74400.0
Gonzaga University,74400.0
University of Illinois at Chicago,74300.0
Colby College,74300.0
Saint Joseph's College-New York,74300.0
City University of Seattle,74200.0
University of St Thomas,74100.0
Swarthmore College,74100.0
California State Polytechnic University-Pomona,74000.0
Florida Institute of Technology,74000.0
Notre Dame de Namur University,73900.0
Sacred Heart University,73900.0
University of Delaware,73900.0
Saint Anselm College,73900.0
Oregon Institute of Technology,73900.0
University of Wisconsin-Madison,73900.0
Bradley University,73800.0
The College of New Jersey,73800.0
DePaul University,73600.0
Cleary University,73600.0
Mercer University,73500.0
Chamberlain College of Nursing-Illinois,73500.0
Chamberlain College of Nursing-Ohio,73500.0
Chamberlain College of Nursing-Arizona,73500.0
Chamberlain College of Nursing-Missouri,73500.0
Albertus Magnus College,73400.0
Linfield College-McMinnville Campus,73400.0
Linfield College-Nursing & Health Sciences,73400.0
Linfield College-Adult Degree Program,73400.0
La Salle University,73300.0
College of Mount Saint Vincent,73200.0
Wilkes University,73100.0
University of Redlands,72800.0
Bryn Mawr College,72800.0
Dickinson College,72800.0
University at Buffalo,72700.0
Southern Polytechnic State University,72600.0
Gettysburg College,72600.0
California Lutheran University,72500.0
Adelphi University,72400.0
University of Portland,72300.0
National University,72200.0
Michigan State University,72200.0
Grand Canyon University,72100.0
Merrimack College,72000.0
Wesleyan University,71900.0
Mount St Mary's University,71900.0
D'Youville College,71800.0
Clemson University,71800.0
University of La Verne,71700.0
California State University-East Bay,71600.0
Texas Christian University,71600.0
Drew University,71500.0
Iona College,71500.0
Colorado Technical University-Colorado Springs,71400.0
Dominican College of Blauvelt,71400.0
St. Francis College,71400.0
Colorado Technical University-Greenwood Village,71400.0
University of Alabama at Huntsville,71300.0
Nova Southeastern University,71300.0
Washington Adventist University,71300.0
King's College,71300.0
Ursinus College,71300.0
Jefferson College of Health Sciences,71200.0
University of Oklahoma Health Sciences Center,71100.0
University of Oklahoma Norman Campus,71100.0
Washington & Jefferson College,71100.0
Barnes-Jewish College Goldfarb School of Nursing,71000.0
SUNY at Albany,71000.0
Citadel Military College of South Carolina,71000.0
Wabash College,70900.0
Walsh College of Accountancy and Business Administration,70900.0
North Carolina State University at Raleigh,70900.0
Holy Names University,70700.0
Gwynedd Mercy College,70700.0
Widener University-Main Campus,70700.0
Widener University-Delaware Campus,70700.0
Stevenson University,70600.0
John Carroll University,70600.0
University of Puget Sound,70600.0
Point Loma Nazarene University,70500.0
Suffolk University,70500.0
Long Island University-Brooklyn Campus,70500.0
Long Island University-C W Post Campus,70500.0
Long Island University-Brentwood Campus,70500.0
Marymount University,70500.0
Long Island University-Riverhead Campus,70500.0
University of Colorado Boulder,70400.0
DePauw University,70400.0
Baylor University,70400.0
Cardinal Stritch University,70300.0
American InterContinental University-Atlanta,70300.0
American InterContinental University-South Florida,70300.0
American InterContinental University-Houston,70300.0
University of Massachusetts-Lowell,70200.0
Loyola University-Chicago,70100.0
University of Pittsburgh-Bradford,70000.0
University of Pittsburgh-Greensburg,70000.0
University of Pittsburgh-Johnstown,70000.0
University of Pittsburgh-Pittsburgh Campus,70000.0
University of Houston,70000.0
College of Biblical Studies-Houston,70000.0
University of Arizona,69900.0
Otis College of Art and Design,69900.0
University of Massachusetts Amherst,69800.0
Allegheny College,69800.0
Baptist Memorial College of Health Sciences,69800.0
Vassar College,69700.0
Pennsylvania State University-Penn State Erie-Behrend College,69700.0
Pennsylvania State University-Penn State New Kensington,69700.0
Pennsylvania State University-Penn State Shenango,69700.0
Pennsylvania State University-Penn State Wilkes-Barre,69700.0
Pennsylvania State University-Penn State Worthington Scranton,69700.0
Pennsylvania State University-Penn State Lehigh Valley,69700.0
Pennsylvania State University-Penn State Altoona,69700.0
Pennsylvania State University-Penn State Beaver,69700.0
Pennsylvania State University-Penn State Berks,69700.0
Pennsylvania State University-Penn State Harrisburg,69700.0
Pennsylvania State University-Penn State Brandywine,69700.0
Pennsylvania State University-Main Campus,69700.0
Pennsylvania State University-Penn State Greater Allegheny,69700.0
Pennsylvania State University-Penn State Abington,69700.0
Pennsylvania State University-Penn State Schuylkill,69700.0
Pennsylvania State University-Penn State York,69700.0
University of Mary Washington,69700.0
University of Iowa,69600.0
Assumption College,69600.0
University of Michigan-Dearborn,69600.0
Azusa Pacific University,69500.0
Denison University,69500.0
University of Advancing Technology,69500.0
Ithaca College,69400.0
CUNY Queens College,69300.0
Howard University,69200.0
Franklin University,69200.0
Gannon University,69200.0
Occidental College,69100.0
Jacksonville University,69100.0
University of Rhode Island,69100.0
Connecticut College,69000.0
Trinity Washington University,69000.0
Southern Nazarene University,69000.0
Simmons College,68900.0
Farmingdale State College,68900.0
Chapman University,68800.0
San Diego State University,68700.0
San Diego State University-Imperial Valley Campus,68700.0
University of California-Riverside,68500.0
North Dakota State University-Main Campus,68500.0
University of St Thomas,68500.0
Baker University,68400.0
St Mary's College of Maryland,68400.0
The College of Saint Scholastica,68400.0
Hobart William Smith Colleges,68400.0
Immaculata University,68400.0
Lewis University,68300.0
Indiana Wesleyan University,68300.0
Kalamazoo College,68300.0
Montana Tech of the University of Montana,68300.0
University of North Dakota,68300.0
Mount Carmel College of Nursing,68300.0
Furman University,68300.0
Benedictine University,68200.0
Gustavus Adolphus College,68200.0
Rockhurst University,68200.0
DeVry University-Arizona,68100.0
DeVry University-California,68100.0
DeVry University-Georgia,68100.0
DeVry University-Illinois,68100.0
Louisiana State University and Agricultural & Mechanical College,68100.0
DeVry University-Missouri,68100.0
DeVry University-New Jersey,68100.0
DeVry University-Ohio,68100.0
DeVry University-Texas,68100.0
DeVry University-Wisconsin,68100.0
DeVry College of New York,68100.0
DeVry University-Indiana,68100.0
DeVry University-Florida,68100.0
DeVry University-Maryland,68100.0
DeVry University-Virginia,68100.0
DeVry University-Washington,68100.0
DeVry University-Colorado,68100.0
DeVry University-North Carolina,68100.0
DeVry University-Pennsylvania,68100.0
DeVry University-Nevada,68100.0
DeVry University-Oregon,68100.0
DeVry University-Minnesota,68100.0
DeVry University-Oklahoma,68100.0
DeVry University-Utah,68100.0
DeVry University-Michigan,68100.0
DeVry University-Tennessee,68100.0
DeVry University-Kentucky,68100.0
Westmont College,68000.0
Hawaii Pacific University,68000.0
Xavier University,68000.0
Willamette University,68000.0
Southwestern University,68000.0
Westminster College,68000.0
Bowie State University,67900.0
Washington College,67900.0
Concordia University-Saint Paul,67900.0
University of Minnesota-Twin Cities,67900.0
Campbell University,67900.0
University of New Haven,67800.0
Mount Saint Mary College,67800.0
Oregon State University,67800.0
Walla Walla University,67800.0
Oregon State University-Cascades Campus,67800.0
Valparaiso University,67700.0
Augustana College,67600.0
DeSales University,67600.0
Arizona State University,67500.0
Southwestern College,67500.0
Towson University,67400.0
SUNY Institute of Technology at Utica-Rome,67400.0
Albright College,67400.0
Grinnell College,67300.0
Washington State University,67300.0
University of Georgia,67200.0
Curry College,67200.0
Saint Thomas Aquinas College,67200.0
Susquehanna University,67200.0
National Louis University,67100.0
Dowling College,67100.0
Rhode Island School of Design,67100.0
Texas Tech University,67100.0
California State University-Long Beach,67000.0
Florida Hospital College of Health Sciences,67000.0
University of Tulsa,67000.0
Utah Valley University,67000.0
Woodbury University,66900.0
Allen College,66900.0
Saint Francis University,66900.0
Ramapo College of New Jersey,66800.0
Oklahoma Wesleyan University,66800.0
Wofford College,66800.0
Austin College,66800.0
Lake Forest College,66700.0
Fairleigh Dickinson University-Metropolitan Campus,66700.0
Fairleigh Dickinson University-College at Florham,66700.0
San Francisco State University,66600.0
Scripps College,66600.0
Iowa State University,66600.0
Carleton College,66600.0
University of New Hampshire-Main Campus,66600.0
University of New Hampshire at Manchester,66600.0
Monmouth University,66500.0
Union Institute & University,66500.0
Miami University-Hamilton,66400.0
Miami University-Middletown,66400.0
Miami University-Oxford,66400.0
St Catherine University,66300.0
University of Missouri-Columbia,66300.0
University of Missouri-Kansas City,66300.0
Auburn University,66200.0
California State University-Chico,66100.0
Indiana University-Bloomington,66100.0
CUNY Brooklyn College,66100.0
Holy Family University,66100.0
Manhattanville College,66000.0
Temple University,66000.0
University of Nevada-Reno,65900.0
Marietta College,65900.0
Colorado State University-Fort Collins,65800.0
Thomas More College,65800.0
Montclair State University,65800.0
Oklahoma State University-Main Campus,65800.0
Norwich University,65700.0
West Virginia University Institute of Technology,65700.0
West Virginia University,65700.0
Barry University,65600.0
CUNY College of Staten Island,65600.0
St Lawrence University,65600.0
School of Visual Arts,65600.0
Moravian College and Moravian Theological Seminary,65600.0
Philadelphia University,65600.0
Seattle Pacific University,65600.0
California State University-Fullerton,65500.0
Eastern University,65500.0
University of Hartford,65400.0
CUNY City College,65400.0
Mt Sierra College,65300.0
California State University-Sacramento,65200.0
Florida International University,65200.0
Centre College,65200.0
Ursuline College,65200.0
Christian Brothers University,65200.0
University of Houston-Clear Lake,65200.0
The University of Texas at Arlington,65200.0
National University of Health Sciences,65100.0
Notre Dame of Maryland University,65100.0
College of Saint Benedict,65100.0
LIM College,65100.0
The University of Tennessee,65100.0
CUNY Hunter College,65000.0
Utah State University,65000.0
University of Massachusetts-Boston,64900.0
Emerson College,64800.0
CUNY John Jay College of Criminal Justice,64800.0
Waynesburg University,64800.0
Saint Edward's University,64800.0
Wheaton College,64700.0
Roger Williams University,64700.0
University of Massachusetts-Dartmouth,64600.0
Elmhurst College,64500.0
University of Wyoming,64500.0
University of California-Santa Cruz,64400.0
Saint Xavier University,64400.0
Smith College,64400.0
Misericordia University,64400.0
Salve Regina University,64400.0
La Sierra University,64300.0
State University of New York at New Paltz,64300.0
SUNY College at Old Westbury,64300.0
Morehouse College,64200.0
Spelman College,64200.0
Bethel University,64200.0
Portland State University,64200.0
Rosemont College,64200.0
Texas Woman's University,64200.0
Sonoma State University,64100.0
Northwood University-Florida,64100.0
Northwood University-Michigan,64100.0
York College Pennsylvania,64100.0
Northwood University-Texas,64100.0
Saint Michael's College,64100.0
Whittier College,64000.0
Macalester College,64000.0
Park University,64000.0
Saint Joseph College,63900.0
Saint Thomas University,63900.0
Saint Ambrose University,63900.0
The University of Tampa,63800.0
University of St Francis,63800.0
Elon University,63800.0
Whitman College,63800.0
California State University-Northridge,63700.0
The New School,63700.0
Skidmore College,63700.0
California State University-San Marcos,63700.0
Everglades University,63700.0
California State University-Bakersfield,63600.0
Saint Leo University,63600.0
Palmer College of Chiropractic-Davenport,63600.0
Caldwell College,63600.0
Rider University,63500.0
Hartwick College,63500.0
Pacific Lutheran University,63500.0
Eastern Nazarene College,63400.0
Hamline University,63400.0
St Olaf College,63400.0
Elizabethtown College,63400.0
Saint Martin's University,63400.0
Concordia University-Irvine,63300.0
Oglethorpe University,63300.0
Goucher College,63300.0
University of Mary,63300.0
Weber State University,63300.0
University of Wisconsin-Platteville,63300.0
Florida State University,63200.0
McDaniel College,63200.0
Nichols College,63200.0
Northwestern Health Sciences University,63200.0
Le Moyne College,63200.0
California College of the Arts,63100.0
Indiana Institute of Technology,63100.0
University of Kansas,63100.0
Centenary College,63100.0
University of Vermont,63100.0
Alderson Broaddus College,63100.0
University of Arkansas,63000.0
The Master's College and Seminary,63000.0
University of Nevada-Las Vegas,63000.0
George Fox University,63000.0
Charter Oak State College,62900.0
Cedar Crest College,62900.0
Averett University,62900.0
Averett University-Non-Traditional Programs,62900.0
Shorter University,62800.0
Clark University,62800.0
Maryville University of Saint Louis,62800.0
Shorter University-College of Adult & Professional Programs,62800.0
University of Alaska Anchorage,62700.0
Northern Illinois University,62700.0
Roosevelt University,62700.0
Saint Mary's College,62700.0
Bellarmine University,62700.0
California State University-San Bernardino,62600.0
Salisbury University,62600.0
Rowan University,62600.0
The Richard Stockton College of New Jersey,62600.0
Pitzer College,62500.0
Springfield College,62500.0
Brigham Young University-Hawaii,62500.0
Wheeling Jesuit University,62500.0
Springfield College-School of Human Services,62500.0
Biola University,62400.0
Kansas State University,62400.0
Saint Peter's College,62400.0
Alfred University,62400.0
Spring Hill College,62300.0
Southern Wesleyan University,62300.0
Old Dominion University,62300.0
University of Colorado-Colorado Springs,62200.0
University of Central Florida,62200.0
Ohio State University-Lima Campus,62200.0
Ohio State University-Newark Campus,62200.0
Ohio State University-Main Campus,62200.0
Academy of Art University,62100.0
University of New England,62100.0
American International College,62100.0
University of Mississippi,62100.0
University of Mississippi Medical Center,62100.0
The College of Wooster,62100.0
The University of Texas at Tyler,62100.0
Brigham Young University-Idaho,62000.0
Millsaps College,62000.0
Kean University,62000.0
University of South Carolina-Columbia,62000.0
California State University-Los Angeles,61900.0
University of Hawaii at Manoa,61900.0
Albion College,61900.0
Wayne State University,61900.0
Metropolitan State University,61900.0
Arcadia University,61900.0
Cabrini College,61900.0
Randolph-Macon College,61900.0
Concordia College-New York,61800.0
Robert Morris University,61800.0
Bluefield College,61800.0
California State University-Dominguez Hills,61700.0
University of Bridgeport,61700.0
Friends University,61700.0
University of Nebraska-Lincoln,61700.0
Kenyon College,61700.0
Sewanee-The University of the South,61700.0
Eckerd College,61600.0
Wheaton College,61600.0
The Juilliard School,61600.0
Peirce College,61600.0
St. Mary's University,61600.0
Illinois State University,61400.0
Emmanuel College,61400.0
Augsburg College,61400.0
University of Minnesota-Duluth,61400.0
North Central College,61300.0
Dominican University,61300.0
Nebraska Methodist College of Nursing & Allied Health,61300.0
Central Washington University,61300.0
University of Kentucky,61200.0
Loyola University-New Orleans,61200.0
Nebraska Wesleyan University,61200.0
West Chester University of Pennsylvania,61200.0
California State University-Fresno,61100.0
Calumet College of Saint Joseph,61100.0
Shippensburg University of Pennsylvania,61100.0
Virginia Commonwealth University,61100.0
The National Hispanic University,61000.0
William Paterson University of New Jersey,61000.0
Pratt Institute-Main,61000.0
Juniata College,61000.0
Southern Illinois University Carbondale,60900.0
University of Detroit Mercy,60900.0
SUNY at Geneseo,60900.0
Hampton University,60900.0
Lewis & Clark College,60800.0
The University of Alabama,60700.0
Cleveland Chiropractic College,60700.0
Utica College,60700.0
Mountain State University,60700.0
Saint Norbert College,60700.0
Simpson College,60600.0
Lebanon Valley College,60600.0
Birmingham Southern College,60500.0
Alma College,60500.0
Nyack College,60500.0
University of North Carolina at Charlotte,60500.0
Saint Vincent College,60500.0
Alaska Pacific University,60400.0
McKendree University,60400.0
Delaware Valley College,60400.0
Northwest University,60400.0
California Institute of the Arts,60300.0
Stetson University,60300.0
Warner University,60300.0
Western Michigan University,60300.0
Southern New Hampshire University,60300.0
Daemen College,60300.0
The University of Findlay,60300.0
Hood College,60200.0
Oakland University,60200.0
Montreat College,60200.0
Baldwin-Wallace College,60200.0
Cedarville University,60200.0
Westminster College,60100.0
Carroll College,60100.0
BryanLGH College of Health Sciences,60100.0
Louisiana Tech University,60000.0
College of Saint Elizabeth,60000.0
Texas State University-San Marcos,60000.0
Tuskegee University,59900.0
Vanguard University of Southern California,59900.0
College for Creative Studies,59900.0
Mississippi State University,59900.0
Saint John Fisher College,59900.0
Central Connecticut State University,59800.0
Goldey-Beacom College,59800.0
Saint Bonaventure University,59800.0
University of Idaho,59700.0
Walsh University,59700.0
Georgetown College,59600.0
Mount Holyoke College,59600.0
Trine University,59500.0
Saint Mary's University of Minnesota,59500.0
Felician College,59500.0
SUNY Empire State College,59500.0
Chestnut Hill College,59500.0
University of Wisconsin-Eau Claire,59500.0
Trine University-Regional/Non-Traditional Campuses,59500.0
Mills College,59400.0
Knox College,59400.0
University of Oregon,59400.0
Houston Baptist University,59400.0
Western Washington University,59400.0
University of Wisconsin-La Crosse,59400.0
Western Connecticut State University,59300.0
Rollins College,59300.0
SUNY College of Environmental Science and Forestry,59300.0
SUNY College at Cortland,59300.0
Lamar University,59300.0
Roanoke College,59300.0
Carthage College,59300.0
Colorado Christian University,59100.0
Millikin University,59100.0
Truman State University,59100.0
University of North Florida,59000.0
Georgia State University,59000.0
College of Our Lady of the Elms,59000.0
Hiram College,59000.0
Concordia University-Portland,59000.0
Carroll University,59000.0
Purdue University-Calumet Campus,58900.0
Endicott College,58900.0
Framingham State University,58900.0
Clarkson College,58900.0
University of Nebraska at Omaha,58900.0
King College,58900.0
University of the Incarnate Word,58900.0
Whitworth University,58900.0
Whitworth University-Adult Degree Programs,58900.0
North Georgia College & State University,58800.0
Regis College,58800.0
Minnesota State University-Mankato,58800.0
CUNY Lehman College,58800.0
Ohio Wesleyan University,58800.0
Neumann University,58800.0
Viterbo University,58800.0
Covenant College,58700.0
Spalding University,58700.0
Worcester State University,58700.0
Hope College,58700.0
Montana State University,58700.0
Canisius College,58700.0
Mid-America Christian University,58700.0
Southern Connecticut State University,58600.0
Governors State University,58600.0
Hanover College,58600.0
MidAmerica Nazarene University,58600.0
Fitchburg State University,58600.0
Calvin College,58600.0
University of Toledo,58600.0
Lipscomb University,58600.0
The University of Texas at San Antonio,58600.0
Lynchburg College,58600.0
Radford University,58600.0
California Baptist University,58400.0
Wesley College,58400.0
Herzing University-Atlanta,58400.0
Loras College,58400.0
Bay Path College,58400.0
New Jersey City University,58400.0
Westminster College,58400.0
University of Dallas,58400.0
Shenandoah University,58400.0
University of Wisconsin-Stout,58400.0
University of South Florida-Main Campus,58300.0
Kennesaw State University,58300.0
The College of Idaho,58300.0
Concordia University-Chicago,58300.0
North Park University,58300.0
University of Evansville,58300.0
Wartburg College,58300.0
Mid-Continent University,58300.0
Elmira College,58300.0
Messiah College,58300.0
Wayland Baptist University,58300.0
University of South Florida-St. Petersburg Campus,58300.0
University of South Florida Sarasota-Manatee,58300.0
University of South Florida-Polytechnic,58300.0
California State University-Stanislaus,58200.0
Florida Atlantic University,58200.0
Ferris State University,58200.0
Marymount Manhattan College,58200.0
University of Cincinnati-Main Campus,58200.0
Oberlin College,58200.0
Marylhurst University,58100.0
Tusculum College,58100.0
Dallas Baptist University,58100.0
Centenary College of Louisiana,58000.0
University of Michigan-Flint,58000.0
Webster University,58000.0
University of Alabama at Birmingham,57900.0
University of Alaska Fairbanks,57900.0
Western Illinois University,57900.0
Luther College,57900.0
Rivier College,57900.0
Pacific University,57900.0
Reed College,57900.0
Texas Lutheran University,57900.0
Concordia University-Wisconsin,57900.0
National American University-Colorado Springs,57800.0
National American University-Rapid City,57800.0
University of North Texas,57800.0
National American University-Albuquerque,57800.0
National American University-Bloomington,57800.0
National American University-Ellsworth AFB Extension,57800.0
Winona State University,57700.0
South Dakota State University,57700.0
Texas A & M University-Corpus Christi,57700.0
University of Wisconsin-Milwaukee,57700.0
California State University-Monterey Bay,57700.0
Cornell College,57600.0
Transylvania University,57600.0
Frostburg State University,57600.0
Logan University,57600.0
Georgian Court University,57600.0
Cleveland State University,57600.0
Otterbein University,57600.0
Southwestern Oklahoma State University,57600.0
Southern Illinois University Edwardsville,57500.0
Presbyterian College,57500.0
Brenau University,57400.0
Idaho State University,57400.0
Bloomfield College,57400.0
University of Charleston,57400.0
Mount Vernon Nazarene University,57300.0
Augustana College,57300.0
University of Houston-Downtown,57300.0
Eastern Connecticut State University,57200.0
Aurora University,57200.0
Marian University,57200.0
Morgan State University,57200.0
Gordon College,57200.0
Hodges University,57200.0
Lynn University,57100.0
Mount Mercy University,57100.0
Concordia College at Moorhead,57100.0
Bloomsburg University of Pennsylvania,57100.0
Lycoming College,57100.0
Southern Adventist University,57100.0
Mercy College,57000.0
Coe College,56900.0
Spring Arbor University,56900.0
Bridgewater College,56900.0
West Virginia Wesleyan College,56900.0
Colorado College,56800.0
Florida Agricultural and Mechanical University,56800.0
William Penn University,56800.0
University of Maine,56800.0
Avila University,56800.0
Doane College-Crete,56800.0
Roberts Wesleyan College,56800.0
Oklahoma City University,56800.0
Doane College-Lincoln Grand Island and Master,56800.0
Trinity International University-Florida,56700.0
Life University,56700.0
Trinity International University-Illinois,56700.0
Indiana University-Purdue University-Indianapolis,56700.0
Concordia University-Texas,56700.0
Faulkner University,56600.0
Hendrix College,56600.0
Wilmington University,56600.0
University of Illinois at Springfield,56600.0
Niagara University,56600.0
Wittenberg University,56600.0
College of Charleston,56600.0
Tennessee Technological University,56600.0
University of South Alabama,56500.0
Eastern Illinois University,56500.0
Salem State University,56500.0
Belmont University,56500.0
Abilene Christian University,56500.0
University of Mary Hardin-Baylor,56500.0
Lawrence University,56500.0
Saint Cloud State University,56400.0
Rocky Mountain College,56400.0
SUNY College at Oneonta,56400.0
Concordia University-Ann Arbor,56300.0
University of Missouri-St Louis,56300.0
Ohio University-Main Campus,56300.0
Alvernia University,56300.0
Christopher Newport University,56300.0
Ringling College of Art and Design,56200.0
Central College,56200.0
Westfield State University,56200.0
Central Michigan University,56200.0
University of the Southwest,56200.0
Amridge University,56100.0
The Art Institute of California-San Diego,56100.0
The Art Institute of California-San Francisco,56100.0
Argosy University-San Francisco Bay Area,56100.0
Argosy University-Sarasota,56100.0
Argosy University-Chicago,56100.0
University of Saint Francis-Fort Wayne,56100.0
Berkeley College-New York,56100.0
Metropolitan College of New York,56100.0
Mount Olive College,56100.0
University of Central Oklahoma,56100.0
Eastern Washington University,56100.0
Argosy University-Hawaii,56100.0
Argosy University-Atlanta,56100.0
The Art Institute of California-Hollywood,56100.0
Argosy University-Washington D.C.,56100.0
Argosy University-Schaumburg,56100.0
Argosy University-Tampa,56100.0
The Art Institute of California-Los Angeles,56100.0
Argosy University-Phoenix,56100.0
Argosy University-Orange County,56100.0
Argosy University-Seattle,56100.0
The Art Institute of California-Orange County,56100.0
Argosy University-Dallas,56100.0
Argosy University-Los Angeles,56100.0
Argosy University-Denver,56100.0
The Art Institute of California-Sacramento,56100.0
Argosy University-Inland Empire,56100.0
Argosy University-Nashville,56100.0
Argosy University-San Diego,56100.0
The Art Institute of Californiaâ€“Sunnyvale,56100.0
Argosy University-Salt Lake City,56100.0
Argosy University-Phoenix Online Division,56100.0
Clayton State University,56000.0
University of New Orleans,56000.0
Hilbert College,56000.0
Capital University,56000.0
Bethany College,56000.0
Fontbonne University,55900.0
University of Mount Union,55900.0
Victory University,55900.0
The University of Texas of the Permian Basin,55900.0
Metropolitan State College of Denver,55800.0
Bridgewater State University,55800.0
Columbia College,55800.0
William Jewell College,55800.0
Northwest Christian University,55800.0
Dallas Christian College,55800.0
Tarleton State University,55800.0
West Texas A & M University,55800.0
Northern Arizona University,55700.0
Fresno Pacific University,55700.0
Wichita State University,55700.0
Lasell College,55700.0
Lindenwood University,55700.0
Keuka College,55700.0
Notre Dame College,55700.0
Corban University,55700.0
East Stroudsburg University of Pennsylvania,55700.0
East Carolina University,55600.0
Texas A & M University-Kingsville,55600.0
Eastern Mennonite University,55600.0
University of Wisconsin-Whitewater,55600.0
Harding University,55500.0
Kendall College,55500.0
Trinity Christian College,55500.0
University of Indianapolis,55500.0
Dordt College,55500.0
Wright State University-Main Campus,55500.0
Millersville University of Pennsylvania,55500.0
Clarke University,55400.0
Madonna University,55400.0
Belmont Abbey College,55400.0
Guilford College,55400.0
University of North Carolina at Wilmington,55400.0
Union University,55400.0
Southwestern Adventist University,55400.0
Alverno College,55400.0
University of Mobile,55300.0
Ottawa University-Phoenix,55300.0
Georgia Southern University,55300.0
Savannah College of Art and Design,55300.0
Upper Iowa University,55300.0
Ottawa University-Ottawa,55300.0
Ottawa University-Kansas City,55300.0
Mississippi College,55300.0
University of New Mexico-Main Campus,55300.0
SUNY College at Plattsburgh,55300.0
Trevecca Nazarene University,55300.0
Sam Houston State University,55300.0
Ottawa University-Milwaukee,55300.0
Ottawa University-Jeffersonville,55300.0
Ottawa University-Online,55300.0
Judson University,55200.0
Holy Cross College,55200.0
University of Northern Iowa,55200.0
University of Saint Mary,55200.0
University of Louisville,55200.0
Our Lady of Holy Cross College,55200.0
Midland University,55200.0
SUNY College at Oswego,55200.0
Mount Aloysius College,55200.0
Angelo State University,55200.0
Edgewood College,55200.0
University of the District of Columbia,55100.0
McNeese State University,55100.0
Anna Maria College,55100.0
Sarah Lawrence College,55100.0
Malone University,55100.0
Ripon College,55100.0
Husson University,55000.0
Beth Medrash Govoha,55000.0
Nazareth College,55000.0
Methodist University,55000.0
Queens University of Charlotte,55000.0
University of Louisiana at Lafayette,54900.0
Adrian College,54900.0
Medaille College,54900.0
Tiffin University,54900.0
Kutztown University of Pennsylvania,54900.0
Midwestern State University,54900.0
Palm Beach Atlantic University-West Palm Beach,54800.0
Taylor University,54800.0
Geneva College,54800.0
Point Park University,54800.0
Webber International University,54700.0
Bethany College,54700.0
Grand Valley State University,54700.0
St. Andrews University,54700.0
Antioch University-Los Angeles,54700.0
Antioch University-Santa Barbara,54700.0
Antioch University-Seattle,54700.0
Antioch University-Midwest,54700.0
University of Northern Colorado,54600.0
Post University,54600.0
Andrews University,54600.0
Martin Luther College,54600.0
The Sage Colleges,54600.0
The College of Saint Rose,54600.0
Champlain College,54600.0
Armstrong Atlantic State University,54500.0
University of Minnesota-Crookston,54500.0
Houghton College,54500.0
High Point University,54500.0
Hardin-Simmons University,54500.0
Liberty University,54500.0
Marian University,54500.0
Western Governors University,54500.0
Quincy University,54400.0
Pittsburg State University,54400.0
University of Wisconsin-Oshkosh,54400.0
University of Louisiana-Monroe,54300.0
Chadron State College,54300.0
CUNY York College,54200.0
SUNY College at Brockport,54200.0
Oklahoma Christian University,54200.0
University of Memphis,54200.0
Southern Utah University,54200.0
Florida Gulf Coast University,54200.0
Monmouth College,54100.0
Franklin College,54100.0
Sierra Nevada College,54100.0
Northwest Nazarene University,54000.0
Rockford College,54000.0
University of South Dakota,54000.0
The University of Texas at El Paso,54000.0
University of Wisconsin-River Falls,54000.0
Benedictine College,53900.0
Jamestown College,53900.0
Mount Mary College,53900.0
Central Baptist College,53800.0
Saint Josephs College,53800.0
Briar Cliff University,53800.0
Siena Heights University,53800.0
Hastings College,53800.0
The College of New Rochelle,53800.0
Bethel University,53800.0
San Diego Christian College,53700.0
Boise State University,53700.0
Newman University,53700.0
Berkeley College-Woodland Park,53700.0
SUNY at Purchase College,53700.0
Rhode Island College,53700.0
Randolph College,53700.0
Ouachita Baptist University,53600.0
Humboldt State University,53600.0
Full Sail University,53600.0
Agnes Scott College,53600.0
Berry College,53600.0
Louisiana College,53600.0
Bowling Green State University-Main Campus,53600.0
Lakeland College,53600.0
Westwood College-Denver North,53500.0
Olivet Nazarene University,53500.0
Kentucky Wesleyan College,53500.0
Belhaven University,53500.0
Keene State College,53500.0
Dickinson State University,53500.0
Texas A & M International University,53500.0
Southern Virginia University,53500.0
Westwood College-Anaheim,53500.0
Westwood College-Inland Empire,53500.0
William Jessup University,53400.0
Georgia College & State University,53400.0
Saint Gregorys University,53400.0
Blackburn College,53300.0
University of Minnesota-Morris,53300.0
Missouri Tech,53300.0
College of Mount St. Joseph,53300.0
Ohio Dominican University,53300.0
Lubbock Christian University,53300.0
Stephen F Austin State University,53300.0
University of Southern Mississippi,53200.0
Franklin Pierce University,53200.0
The Art Institute of Portland,53200.0
Carlow University,53200.0
Corcoran College of Art and Design,53100.0
Indiana University-Northwest,53100.0
Northwest Missouri State University,53100.0
Tennessee State University,53100.0
University of Wisconsin-Parkside,53100.0
Western State College of Colorado,53000.0
University of Maryland Eastern Shore,53000.0
Cornerstone University,53000.0
Santa Fe University of Art and Design,53000.0
Indiana University of Pennsylvania-Main Campus,53000.0
Mercyhurst College,53000.0
Emory and Henry College,53000.0
Chaminade University of Honolulu,52900.0
Lake Superior State University,52900.0
Northwestern College,52900.0
Southern Vermont College,52900.0
Illinois College,52800.0
Lock Haven University,52800.0
Marywood University,52800.0
Kaplan University-Davenport Campus,52800.0
Northeastern Illinois University,52700.0
Saginaw Valley State University,52700.0
Purdue University-North Central Campus,52600.0
Rochester College,52600.0
Missouri State University-Springfield,52600.0
Eastern Oregon University,52600.0
Newbury College-Brookline,52500.0
Touro College,52500.0
Shepherd University,52500.0
Nazarene Bible College,52400.0
Bethel College-Mishawaka,52400.0
Washburn University,52400.0
Northwestern State University of Louisiana,52400.0
Union College,52400.0
SUNY College at Buffalo,52400.0
Southern Oregon University,52400.0
Beloit College,52400.0
Colby-Sawyer College,52300.0
North Carolina Wesleyan College,52300.0
Pfeiffer University,52300.0
University of Hawaii-West Oahu,52200.0
Ball State University,52200.0
Eastern Michigan University,52200.0
University of Nebraska at Kearney,52200.0
Meredith College,52200.0
The University of Texas-Pan American,52200.0
Hope International University,52100.0
Colorado State University-Pueblo,52100.0
Greenville College,52100.0
University of Southern Maine,52100.0
University of Central Missouri,52100.0
Western Oregon University,52100.0
Sweet Briar College,52100.0
University of Wisconsin-Green Bay,52100.0
University of Wisconsin-Stevens Point,52100.0
Thomas University,52000.0
Chicago State University,52000.0
Manchester College,52000.0
Bard College,52000.0
Cleveland Institute of Art,52000.0
Heidelberg University,52000.0
California University of Pennsylvania,52000.0
Colorado Mesa University,51900.0
Grand View University,51900.0
William Carey University,51900.0
New Mexico State University-Main Campus,51900.0
Minot State University,51900.0
Ashland University,51900.0
Defiance College,51900.0
Lourdes University,51900.0
Northwestern Oklahoma State University,51900.0
University of Houston-Victoria,51900.0
Schreiner University,51900.0
Bastyr University,51900.0
Marshall University,51900.0
Piedmont College,51800.0
Louisiana State University-Shreveport,51800.0
Becker College,51800.0
SUNY at Fredonia,51800.0
Lenoir-Rhyne University,51800.0
Kent State University at Kent,51800.0
Bryan College-Dayton,51800.0
Harrington College of Design,51700.0
Anderson University,51700.0
Graceland University-Lamoni,51700.0
Tabor College,51700.0
Montana State University-Northern,51700.0
Muskingum University,51700.0
Slippery Rock University of Pennsylvania,51700.0
Freed-Hardeman University,51700.0
Longwood University,51700.0
The University of Montana,51600.0
College of Saint Mary,51600.0
University of South Carolina-Aiken,51600.0
Lesley University,51500.0
Plymouth State University,51500.0
Franciscan University of Steubenville,51500.0
Texas Wesleyan University,51500.0
Cameron University,51400.0
Chatham University,51400.0
Mansfield University of Pennsylvania,51400.0
Johnson & Wales University-Providence,51400.0
Florida Southern College,51300.0
Earlham College,51300.0
McPherson College,51300.0
Coppin State University,51300.0
Catawba College,51300.0
Oral Roberts University,51300.0
Seton Hill University,51300.0
Dakota State University,51300.0
Aquinas College,51200.0
CUNY Medgar Evers College,51200.0
Chancellor University,51200.0
Wilmington College,51200.0
Limestone College,51200.0
McMurry University,51200.0
Virginia Wesleyan College,51200.0
Design Institute of San Diego,51100.0
St John's College,51100.0
Minnesota State University Moorhead,51100.0
Five Towns College,51100.0
University of Akron Main Campus,51100.0
The University of Tennessee at Chattanooga,51100.0
Brooks Institute,51000.0
LaGrange College,51000.0
Indiana University-Purdue University-Fort Wayne,51000.0
Nicholls State University,51000.0
SUNY College at Potsdam,51000.0
Troy University,50900.0
Fort Hays State University,50900.0
Saint Joseph's College of Maine,50900.0
La Roche College,50900.0
Milligan College,50900.0
Davis & Elkins College,50900.0
Lyon College,50800.0
Pacific Oaks College,50800.0
Wesleyan College,50800.0
University of North Carolina at Asheville,50800.0
Bluffton University,50800.0
Our Lady of the Lake University-San Antonio,50800.0
The University of Virginia's College at Wise,50800.0
Southeast Missouri State University,50700.0
Appalachian State University,50700.0
Gardner-Webb University,50700.0
North Carolina A & T State University,50700.0
Lincoln Memorial University,50700.0
Middle Tennessee State University,50700.0
Ohio Valley University,50700.0
University of North Alabama,50600.0
Fort Lewis College,50600.0
Valdosta State University,50600.0
Bemidji State University,50600.0
Culver-Stockton College,50600.0
Clark Atlanta University,50500.0
Macon State College,50500.0
The Illinois Institute of Art-Chicago,50500.0
Indiana State University,50500.0
Maryland Institute College of Art,50500.0
The New England Institute of Art,50500.0
East Texas Baptist University,50500.0
The Illinois Institute of Art-Schaumburg,50500.0
Athens State University,50400.0
Southern Arkansas University Main Campus,50400.0
The University of West Florida,50400.0
University of West Georgia,50400.0
The Art Institute of Colorado,50300.0
Goshen College,50300.0
Buena Vista University,50300.0
Waldorf College,50300.0
Northern Kentucky University,50300.0
Unity College,50300.0
Columbus College of Art and Design,50300.0
University of South Carolina-Upstate,50300.0
Presentation College,50300.0
Howard Payne University,50300.0
Reinhardt University,50200.0
University of Hawaii at Hilo,50200.0
Valley City State University,50200.0
Youngstown State University,50200.0
Coastal Carolina University,50200.0
Clearwater Christian College,50100.0
Georgia Southwestern State University,50100.0
Thomas College,50100.0
Mississippi University for Women,50100.0
Maryville College,50100.0
The Art Institute of Houston,50100.0
Mary Baldwin College,50100.0
Wisconsin Lutheran College,50100.0
The Art Institute of Austin,50100.0
Delaware State University,50000.0
Massachusetts College of Liberal Arts,50000.0
Northern Michigan University,50000.0
University of North Carolina at Greensboro,50000.0
Oakwood University,49900.0
Northwestern College,49900.0
Berklee College of Music,49900.0
Mount Ida College,49900.0
Concordia University-Seward,49900.0
Wells College,49900.0
University of Arkansas at Little Rock,49800.0
Arkansas Tech University,49800.0
Eureka College,49800.0
University of Dubuque,49800.0
Bethel College-North Newton,49800.0
Murray State University,49800.0
Cambridge College,49800.0
School of the Museum of Fine Arts-Boston,49800.0
Prairie View A & M University,49800.0
Virginia State University,49800.0
Urbana University,49700.0
Silver Lake College of the Holy Family,49700.0
Columbus State University,49600.0
Indiana University-Kokomo,49600.0
Minneapolis College of Art and Design,49600.0
Wingate University,49600.0
Ohio Christian University,49600.0
Wilberforce University,49600.0
Thiel College,49600.0
Charleston Southern University,49600.0
Fairmont State University,49600.0
Ashford University,49500.0
Montana State University-Billings,49500.0
Oklahoma Panhandle State University,49500.0
Oklahoma Baptist University,49500.0
Warner Pacific College,49500.0
Clarion University of Pennsylvania,49500.0
Augusta State University,49400.0
School of the Art Institute of Chicago,49400.0
Dillard University,49400.0
Southwest Baptist University,49400.0
MacMurray College,49300.0
Midway College,49300.0
Wilson College,49300.0
Tennessee Wesleyan College,49300.0
Hollins University,49300.0
Southeastern Louisiana University,49200.0
Brown College-Mendota Heights,49200.0
Evangel University,49200.0
Austin Peay State University,49200.0
Brown College-Brooklyn Center,49200.0
Columbia College-Chicago,49100.0
University of Sioux Falls,49100.0
Maranatha Baptist Bible College,49100.0
Brescia University,49000.0
Sojourner-Douglass College,49000.0
Pine Manor College,49000.0
Olivet College,49000.0
Delta State University,49000.0
Western New Mexico University,49000.0
Western Kentucky University,48900.0
Hampshire College,48900.0
University of North Carolina School of the Arts,48900.0
Western Carolina University,48900.0
Texas A & M University-Commerce,48900.0
Sul Ross State University,48900.0
AIB College of Business,48800.0
Morningside College,48800.0
Massachusetts College of Art and Design,48800.0
Winston-Salem State University,48800.0
Cumberland University,48800.0
Castleton State College,48800.0
The University of the Arts,48700.0
Black Hills State University,48700.0
Wheelock College,48600.0
William Peace University,48600.0
Norfolk State University,48600.0
University of West Alabama,48500.0
Westwood College-Los Angeles,48500.0
University of Southern Indiana,48500.0
The New England Conservatory of Music,48500.0
Peru State College,48500.0
Northeastern State University,48500.0
Moore College of Art and Design,48500.0
Carson-Newman College,48500.0
Westwood College-Chicago Loop,48500.0
Missouri Valley College,48400.0
The Art Institute of Philadelphia,48400.0
Henderson State University,48300.0
Simpson University,48300.0
New England College,48300.0
Lincoln University of Pennsylvania,48300.0
East Tennessee State University,48300.0
Heritage University,48300.0
Life Pacific College,48200.0
Eastern Kentucky University,48200.0
Chowan University,48200.0
Free Will Baptist Bible College,48200.0
The University of Tennessee-Martin,48200.0
Salem International University,48200.0
Flagler College-St Augustine,48100.0
Hannibal-LaGrange University,48100.0
Flagler College-Tallahassee,48100.0
The Art Institute of Atlanta,48000.0
Barton College,48000.0
The Evergreen State College,48000.0
The Art Institute of Washington,48000.0
The Art Institute of Tennessee-Nashville,48000.0
The Art Institute of Charleston,48000.0
University of Pikeville,47900.0
Wayne State College,47900.0
East Central University,47900.0
College of St Joseph,47900.0
Ferrum College,47900.0
Platt College-Aurora,47900.0
Prescott College,47800.0
Alice Lloyd College,47800.0
Drury University,47800.0
Lake Erie College,47800.0
Edinboro University of Pennsylvania,47800.0
Philadelphia Biblical University-Langhorne,47800.0
Erskine College and Seminary,47800.0
Stephens College,47700.0
Shawnee State University,47700.0
Dakota Wesleyan University,47600.0
Jacksonville State University,47500.0
Kansas Wesleyan University,47500.0
Southern University and A & M College,47500.0
The Art Institutes International-Minnesota,47500.0
Winthrop University,47500.0
University of Wisconsin-Superior,47400.0
Huntington University,47300.0
Indiana University-Southeast,47300.0
Texas Southern University,47300.0
Lewis-Clark State College,47200.0
Emporia State University,47200.0
The Boston Conservatory,47200.0
Paul Smiths College of Arts and Science,47200.0
Lander University,47200.0
Huntingdon College,47100.0
Arkansas State University-Main Campus,47100.0
Berea College,47100.0
Greensboro College,47100.0
Alabama A & M University,47000.0
Patten University,47000.0
William Woods University,47000.0
Manhattan Christian College,46900.0
Texas A & M University-Texarkana,46900.0
Southwest Minnesota State University,46800.0
New Mexico Highlands University,46800.0
Southeastern Oklahoma State University,46800.0
Asbury University,46700.0
Bethany Lutheran College,46700.0
Crown College,46700.0
Salem College,46700.0
University of Montevallo,46600.0
Adams State College,46600.0
Granite State College,46600.0
Fisk University,46600.0
Milwaukee Institute of Art & Design,46600.0
Indiana University-South Bend,46500.0
West Liberty University,46500.0
University of the Ozarks,46400.0
Sterling College,46400.0
Francis Marion University,46400.0
University of South Carolina-Beaufort,46400.0
St John's College,46400.0
Watkins College of Art Design & Film,46400.0
Westwood College-Dupage,46400.0
Westwood College-Atlanta Midtown,46400.0
Auburn University at Montgomery,46300.0
Southeastern University,46300.0
Davenport University,46300.0
Tennessee Temple University,46300.0
Savannah State University,46200.0
Iowa Wesleyan College,46200.0
Concord University,46200.0
Glenville State College,46200.0
Humphreys College-Stockton and Modesto Campuses,46100.0
Mitchell College,46100.0
Emmanuel College,46100.0
Multnomah University,46100.0
Central Christian College of Kansas,46000.0
Bacone College,46000.0
South University-West Palm Beach,45900.0
South University-The Art Institute of Dallas,45900.0
South University-Columbia,45900.0
South University-Tampa,45900.0
South Universityâ€“Savannah Online,45900.0
University of Maine at Fort Kent,45800.0
Missouri Southern State University,45800.0
Missouri Western State University,45800.0
Truett-McConnell College,45700.0
Louisiana State University-Alexandria,45700.0
Missouri Baptist University,45700.0
Keystone College,45700.0
Bluefield State College,45700.0
Brewton-Parker College,45600.0
Mount Marty College,45500.0
University of the Virgin Islands,45500.0
Albany State University,45400.0
Morehead State University,45400.0
The Art Institute of Pittsburgh,45400.0
Southwestern Assemblies of God University,45400.0
Anderson University,45300.0
Converse College,45300.0
College of Visual Arts,45200.0
The University of Montana-Western,45200.0
The University of Texas at Brownsville,45200.0
Goddard College,45200.0
Rocky Mountain College of Art and Design,45100.0
Northern State University,45100.0
The Art Institute of Fort Lauderdale,45000.0
North Central University,45000.0
Mayville State University,45000.0
Johnson State College,45000.0
McNally Smith College of Music,45000.0
AI Miami International University of Art and Design,44900.0
Lyndon State College,44900.0
Lee University,44800.0
College of the Ozarks,44700.0
Lees-McRae College,44700.0
Langston University,44700.0
Davis College,44600.0
Northland College,44600.0
University of Arkansas-Fort Smith,44500.0
Grace University,44500.0
Mars Hill College,44500.0
San Francisco Art Institute,44400.0
Baptist Bible College and Seminary,44400.0
Le Moyne-Owen College,44400.0
Grace College and Theological Seminary,44300.0
Campbellsville University,44300.0
University of the Cumberlands,44300.0
Eastern New Mexico University-Main Campus,44300.0
Indiana University-East,44200.0
North Carolina Central University,44200.0
South Carolina State University,44200.0
The Baptist College of Florida,44100.0
Grambling State University,44100.0
University of North Carolina at Pembroke,44100.0
Green Mountain College,44100.0
Appalachian Bible College,44100.0
Gallaudet University,44000.0
Alcorn State University,44000.0
Lincoln University,44000.0
University of Science and Arts of Oklahoma,44000.0
Coker College,44000.0
Paul Quinn College,44000.0
Johnson C Smith University,43800.0
Trinity Baptist College,43700.0
Faith Baptist Bible College and Theological Seminary,43700.0
Central Methodist University-College of Liberal Arts & Sciences,43700.0
York College,43700.0
Central Penn College,43700.0
Valley Forge Christian College,43700.0
Central Methodist University-College of Graduate & Extended Studies,43700.0
Cazenovia College,43600.0
Lancaster Bible College,43600.0
Cornish College of the Arts,43600.0
University of Maine at Farmington,43500.0
Virginia Union University,43500.0
West Virginia State University,43500.0
Williams Baptist College,43300.0
Newberry College,43300.0
Remington College of Nursing Orlando,43200.0
Remington College,43200.0
Union College,43100.0
Brevard College,43100.0
Jackson State University,43000.0
Central Bible College,43000.0
Piedmont International University,43000.0
Cincinnati Christian University,43000.0
Columbia College,43000.0
Carlos Albizu University-Miami,42900.0
University of Guam,42900.0
Carlos Albizu University-San Juan,42900.0
Judson College,42800.0
University of Great Falls,42800.0
Central Yeshiva Tomchei Tmimim Lubavitz,42800.0
Bethune-Cookman University,42700.0
Huston-Tillotson University,42700.0
Tougaloo College,42600.0
Southern University at New Orleans,42400.0
Cheyney University of Pennsylvania,42400.0
Fayetteville State University,42300.0
Alabama State University,42200.0
Fort Valley State University,42100.0
Baker College Center for Graduate Studies,42100.0
American Academy of Art,42000.0
International Academy of Design and Technology-Tampa,41900.0
Ozark Christian College,41900.0
Martin Methodist College,41900.0
Virginia Intermont College,41900.0
International Academy of Design and Technology-Orlando,41900.0
International Academy of Design and Technology-Henderson,41900.0
International Academy of Design and Technology-Seattle,41900.0
International Academy of Design and Technology-Sacramento,41900.0
Lincoln Christian University,41800.0
North Greenville University,41800.0
Arizona Christian University,41600.0
Jones College-Jacksonville,41600.0
Marygrove College,41600.0
Finlandia University,41600.0
Elizabeth City State University,41600.0
Point University,41400.0
Kentucky Christian University,41300.0
Bennett College for Women,41300.0
Voorhees College,41300.0
Florida Memorial University,41200.0
Montserrat College of Art,41200.0
Baptist Bible College and Graduate School,41200.0
Saint Augustines College,41100.0
University of Arkansas at Pine Bluff,40900.0
Bennington College,40900.0
Saint Mary-of-the-Woods College,40800.0
Memphis College of Art,40800.0
Collins College,40700.0
International Academy of Design and Technology-Chicago,40700.0
International Academy of Design and Technology-Troy,40700.0
Harris-Stowe State University,40600.0
Saint Pauls College,40600.0
Universidad Politecnica de Puerto Rico-Hato Rey Campus,40600.0
Polytechnic University of Puerto Rico-Miami Campus,40600.0
Polytechnic University of Puerto Rico-Orlando,40600.0
Columbia International University,40500.0
American Institute,40500.0
Wiley College,40100.0
Toccoa Falls College,40000.0
Kentucky State University,40000.0
University of Maine at Augusta,39900.0
Claflin University,39800.0
Shaw University,39600.0
The Art Institute of Las Vegas,39500.0
The Art Institute of Phoenix,39500.0
The Art Institute of Tucson,39500.0
The Art Institute of Indianapolis,39500.0
Edward Waters College,39400.0
Paine College,39400.0
University of Maine at Presque Isle,39400.0
Pacific Northwest College of Art,39400.0
Burlington College,39400.0
Miles College,39100.0
Lindsey Wilson College,38900.0
Trinity Bible College,38800.0
Johnson University,38800.0
New England School of Communications,38800.0
Beulah Heights University,38700.0
Philander Smith College,38600.0
Jarvis Christian College,38600.0
Stillman College,38500.0
Southwest University of Visual Arts-Tucson,38300.0
Southwest University of Visual Arts-Albuquerque,38300.0
Talladega College,38200.0
Blue Mountain College,38100.0
University of Maine at Machias,37400.0
Kansas City Art Institute,37100.0
Texas College,37000.0
Universidad Adventista de las Antillas,36900.0
Lane College,36800.0
Livingstone College,36500.0
East-West University,36400.0
Martin University,36400.0
Naropa University,36300.0
Central State University,36300.0
Maine College of Art,36100.0
Warren Wilson College,36100.0
Rabbinical College Bobover Yeshiva Bnei Zion,34300.0
Rust College,33700.0
Benedict College,33700.0
Mississippi Valley State University,33600.0
Talmudical Seminary Oholei Torah,33400.0
Concordia College Alabama,33300.0
Arkansas Baptist College,33300.0
Morris College,32600.0
American University of Puerto Rico,32200.0
American University of Puerto Rico,32200.0
Michigan Jewish Institute,32100.0
University of Sacred Heart,31500.0
Inter American University of Puerto Rico-San German,30800.0
Inter American University of Puerto Rico-Aguadilla,30800.0
Inter American University of Puerto Rico-Arecibo,30800.0
Inter American University of Puerto Rico-Barranquitas,30800.0
Inter American University of Puerto Rico-Metro,30800.0
Inter American University of Puerto Rico-Ponce,30800.0
Inter American University of Puerto Rico-Fajardo,30800.0
Inter American University of Puerto Rico-Guayama,30800.0
Inter American University of Puerto Rico-Bayamon,30800.0
Universidad Metropolitana,30400.0
Allen University,29300.0
Universidad Del Turabo,28900.0
Universidad Del Este,28700.0
Caribbean University-Bayamon,27900.0
Caribbean University-Carolina,27900.0
Caribbean University-Ponce,27900.0
Caribbean University-Vega Baja,27900.0
Atlantic University College,27800.0
Pontifical Catholic University of Puerto Rico-Arecibo,27400.0
Pontifical Catholic University of Puerto Rico,27400.0
Pontifical Catholic University of Puerto Rico-Mayaguez,27400.0
Bayamon Central University,26600.0
National University College-Ponce,24800.0
United Talmudical Seminary,18800.0
Yeshiva Gedolah Imrei Yosef D'spinka,18600.0
Yeshivath Viznitz,17900.0
