California Institute of Technology,1534.0
University of Chicago,1504.0
Massachusetts Institute of Technology,1503.0
Harvard University,1501.0
Yale University,1497.0
Princeton University,1495.0
Harvey Mudd College,1483.0
Vanderbilt University,1475.0
Franklin W Olin College of Engineering,1475.0
Washington University in St Louis,1474.0
Columbia University in the City of New York,1471.0
Stanford University,1466.0
Northwestern University,1458.0
Pomona College,1454.0
Rice University,1454.0
University of Notre Dame,1450.0
Dartmouth College,1446.0
Duke University,1444.0
University of Pennsylvania,1442.0
Swarthmore College,1442.0
Williams College,1439.0
Webb Institute,1435.0
Amherst College,1434.0
Carnegie Mellon University,1432.0
Tufts University,1428.0
Brown University,1425.0
Bowdoin College,1423.0
Cornell University,1422.0
Johns Hopkins University,1418.0
Carleton College,1406.0
Haverford College,1400.0
Wellesley College,1399.0
Georgetown University,1398.0
Claremont McKenna College,1397.0
Northeastern University,1394.0
Vassar College,1394.0
Washington and Lee University,1392.0
Middlebury College,1391.0
Wesleyan University,1387.0
Hamilton College,1384.0
University of Southern California,1380.0
Case Western Reserve University,1377.0
Boston College,1375.0
Reed College,1371.0
Colgate University,1370.0
Rensselaer Polytechnic Institute,1366.0
Scripps College,1364.0
Emory University,1363.0
University of Virginia-Main Campus,1362.0
Cooper Union for the Advancement of Science and Art,1358.0
College of William and Mary,1358.0
Grinnell College,1357.0
Oberlin College,1354.0
University of Rochester,1353.0
Davidson College,1353.0
Georgia Institute of Technology-Main Campus,1352.0
University of Michigan-Ann Arbor,1352.0
New York University,1352.0
University of California-Berkeley,1350.0
Macalester College,1350.0
Brandeis University,1347.0
Colby College,1343.0
Tulane University of Louisiana,1341.0
Barnard College,1340.0
Bryn Mawr College,1334.0
University of Miami,1332.0
Jewish Theological Seminary of America,1331.0
Kenyon College,1328.0
Whitman College,1327.0
Colorado College,1323.0
Lehigh University,1322.0
Wheaton College,1318.0
Villanova University,1316.0
Union College,1313.0
University of North Carolina at Chapel Hill,1313.0
University of Richmond,1313.0
Rose-Hulman Institute of Technology,1310.0
University of Maryland-College Park,1310.0
Bucknell University,1306.0
Stevens Institute of Technology,1305.0
Occidental College,1303.0
University of Illinois at Urbana-Champaign,1303.0
Polytechnic Institute of New York University,1303.0
Southern Methodist University,1302.0
Colorado School of Mines,1298.0
George Washington University,1297.0
SUNY at Binghamton,1297.0
Santa Clara University,1294.0
St Olaf College,1290.0
University of California-Los Angeles,1289.0
Ohio State University-Main Campus,1289.0
Rhodes College,1288.0
Denison University,1285.0
Dickinson College,1285.0
Lafayette College,1283.0
New College of Florida,1283.0
Gettysburg College,1282.0
Boston University,1279.0
University of Tulsa,1279.0
Lewis & Clark College,1279.0
Brigham Young University-Provo,1277.0
University of California-San Diego,1276.0
SUNY College at Geneseo,1274.0
University of Florida,1272.0
University of Minnesota-Twin Cities,1270.0
Trinity University,1270.0
Centre College,1268.0
University of Wisconsin-Madison,1268.0
Hendrix College,1267.0
Missouri University of Science and Technology,1263.0
Earlham College,1262.0
The University of Texas at Austin,1262.0
The University of Texas at Dallas,1262.0
Clemson University,1259.0
American University,1258.0
Babson College,1258.0
Fordham University,1258.0
University of Pittsburgh-Pittsburgh Campus,1258.0
Stony Brook University,1253.0
Illinois Institute of Technology,1252.0
Sewanee-The University of the South,1248.0
University of Georgia,1247.0
Skidmore College,1247.0
Muhlenberg College,1246.0
Milwaukee School of Engineering,1244.0
Thomas Aquinas College,1243.0
Truman State University,1243.0
California Polytechnic State University-San Luis Obispo,1242.0
Illinois Wesleyan University,1241.0
Trinity College,1240.0
Drake University,1240.0
Emerson College,1240.0
Kalamazoo College,1240.0
Miami University-Oxford,1240.0
Rhode Island School of Design,1239.0
Saint Louis University,1237.0
Furman University,1237.0
Pepperdine University,1235.0
The College of New Jersey,1235.0
Bentley University,1234.0
University of Washington-Seattle Campus,1234.0
University of Connecticut,1233.0
University of Puget Sound,1233.0
Rochester Institute of Technology,1232.0
University of Denver,1231.0
The College of Wooster,1231.0
North Carolina State University at Raleigh,1229.0
University of San Diego,1228.0
Beloit College,1227.0
CUNY Bernard M Baruch College,1225.0
DigiPen Institute of Technology,1225.0
Gustavus Adolphus College,1224.0
St Mary's College of Maryland,1221.0
Virginia Polytechnic Institute and State University,1220.0
Yeshiva University,1217.0
Marquette University,1217.0
University of Dallas,1216.0
Auburn University,1215.0
DePauw University,1215.0
Baylor University,1215.0
Taylor University,1214.0
Creighton University,1214.0
Transylvania University,1213.0
Soka University of America,1213.0
University of California-Santa Barbara,1212.0
Florida State University,1212.0
Butler University,1212.0
Purdue University-Main Campus,1211.0
Rutgers University-New Brunswick,1210.0
University of Maryland-Baltimore County,1209.0
University of Massachusetts-Amherst,1209.0
Chapman University,1208.0
University of Iowa,1208.0
Michigan Technological University,1206.0
Texas Christian University,1206.0
VanderCook College of Music,1205.0
Hope College,1204.0
Gonzaga University,1204.0
Loyola Marymount University,1202.0
New Mexico Institute of Mining and Technology,1200.0
Elon University,1200.0
University of South Carolina-Columbia,1200.0
Rollins College,1199.0
Pennsylvania State University-Main Campus,1199.0
The University of Tennessee-Knoxville,1199.0
Indiana University-Bloomington,1198.0
Kettering University,1198.0
Willamette University,1198.0
Drexel University,1197.0
Loyola University Chicago,1195.0
Albany College of Pharmacy and Health Sciences,1195.0
Cedarville University,1195.0
University of Portland,1195.0
University of Puerto Rico-Rio Piedras,1195.0
Loyola University Maryland,1194.0
Westmont College,1193.0
Belmont University,1193.0
University of California-Davis,1192.0
University of Colorado Boulder,1192.0
University of North Carolina at Asheville,1190.0
University of Vermont,1190.0
Clarkson University,1187.0
Berry College,1186.0
Wofford College,1186.0
Calvin College,1183.0
South Dakota School of Mines and Technology,1183.0
Cornell College,1182.0
Allegheny College,1182.0
Ursinus College,1182.0
Texas A & M University-College Station,1182.0
University of Dayton,1181.0
Austin College,1181.0
University of Alabama in Huntsville,1180.0
University of Delaware,1178.0
Birmingham Southern College,1177.0
University of Oklahoma-Norman Campus,1176.0
University of Central Florida,1175.0
Luther College,1175.0
Maryland Institute College of Art,1175.0
LeTourneau University,1175.0
Seattle University,1175.0
Union University,1174.0
Covenant College,1173.0
Saint Michael's College,1173.0
University of the Pacific,1172.0
The University of Alabama,1171.0
Embry-Riddle Aeronautical University-Prescott,1171.0
Mercer University,1171.0
University of South Florida-Main Campus,1168.0
Stetson University,1168.0
Washington College,1168.0
University of Minnesota-Morris,1168.0
Southwestern University,1168.0
Coe College,1166.0
University of St Thomas,1165.0
Conception Seminary College,1165.0
University of Missouri-Columbia,1165.0
Hofstra University,1165.0
University of the Sciences,1165.0
College of Charleston,1165.0
Rockhurst University,1164.0
Bradley University,1163.0
DePaul University,1163.0
Franciscan University of Steubenville,1163.0
Oklahoma City University,1163.0
Louisiana State University and Agricultural & Mechanical College,1162.0
University of San Francisco,1161.0
Christopher Newport University,1161.0
CUNY Hunter College,1160.0
The Kingâ€™s College,1160.0
Millsaps College,1159.0
Valparaiso University,1158.0
Michigan State University,1158.0
University at Buffalo,1158.0
Syracuse University,1158.0
Providence College,1158.0
Lake Forest College,1157.0
College of Saint Benedict,1157.0
University of Arkansas,1156.0
Gordon College,1156.0
Appalachian State University,1156.0
Point Loma Nazarene University,1155.0
Saint Johns University,1155.0
SUNY College of Environmental Science and Forestry,1155.0
George Mason University,1155.0
Florida International University,1154.0
Wagner College,1154.0
University of North Carolina Wilmington,1154.0
Messiah College,1154.0
Samford University,1153.0
Florida Institute of Technology,1153.0
Ohio Northern University,1153.0
Mills College,1151.0
Simmons College,1149.0
Lipscomb University,1149.0
James Madison University,1149.0
University of Minnesota-Rochester,1149.0
University of Evansville,1147.0
University of Nebraska-Lincoln,1147.0
University of Alabama at Birmingham,1146.0
Drury University,1146.0
William Jewell College,1146.0
Arizona State University-Tempe,1145.0
Iowa State University,1145.0
Benedictine College,1145.0
University of Kansas,1145.0
Salisbury University,1145.0
Lawrence Technological University,1145.0
Saint Anselm College,1145.0
Seattle Pacific University,1145.0
John Brown University,1144.0
Bethel University,1144.0
Concordia College at Moorhead,1144.0
University of North Florida,1143.0
Loyola University New Orleans,1143.0
Albion College,1143.0
Lyon College,1142.0
University of Louisville,1142.0
University of Detroit Mercy,1142.0
Maryville University of Saint Louis,1142.0
New Jersey Institute of Technology,1142.0
Saint Mary's College,1141.0
University of Cincinnati-Main Campus,1141.0
Virginia Military Institute,1141.0
University of Kentucky,1140.0
Pratt Institute-Main,1140.0
Harding University,1139.0
Eckerd College,1138.0
Oklahoma State University-Main Campus,1138.0
Southern California Institute of Architecture,1137.0
Bryant University,1137.0
North Greenville University,1137.0
Warren Wilson College,1136.0
University of Houston,1136.0
University of Redlands,1135.0
Westminster College,1134.0
Stonehill College,1133.0
University of Massachusetts-Lowell,1132.0
Xavier University,1132.0
Oglethorpe University,1131.0
Centenary College of Louisiana,1131.0
The New School,1131.0
Hanover College,1130.0
Ripon College,1130.0
University of Wisconsin-La Crosse,1130.0
State University of New York at New Paltz,1129.0
Susquehanna University,1129.0
Colorado State University-Fort Collins,1127.0
Georgia College and State University,1126.0
University of Northwestern-St Paul,1126.0
Hartwick College,1126.0
North Central College,1125.0
University of Michigan-Dearborn,1125.0
Martin Luther College,1125.0
Baptist Memorial College of Health Sciences,1125.0
Saint Norbert College,1125.0
Oklahoma Christian University,1124.0
Biola University,1123.0
Southern Polytechnic State University,1123.0
Goshen College,1123.0
Ohio Wesleyan University,1123.0
University of Wyoming,1123.0
University of California-Irvine,1122.0
Siena College,1122.0
Duquesne University,1122.0
Champlain College,1122.0
Seton Hall University,1121.0
University of Scranton,1121.0
Temple University,1121.0
Presbyterian College,1121.0
University of St Thomas,1121.0
Rowan University,1120.0
Dordt College,1119.0
Wittenberg University,1119.0
Catholic University of America,1118.0
Elizabethtown College,1117.0
Saint Edward's University,1117.0
Bellarmine University,1116.0
Texas Tech University,1116.0
Saint Mary's College of California,1115.0
Montana Tech of the University of Montana,1115.0
Montana State University,1115.0
Aquinas College,1115.0
Western Washington University,1114.0
Berea College,1113.0
Houghton College,1113.0
Hampden-Sydney College,1113.0
Carroll College,1112.0
John Carroll University,1112.0
Lebanon Valley College,1112.0
Pacific Lutheran University,1112.0
Illinois State University,1110.0
Asbury University,1110.0
Clarkson College,1110.0
CUNY City College,1110.0
SUNY College at Oswego,1110.0
Salem College,1110.0
Saint Joseph's University,1110.0
University of Mary Washington,1110.0
University of Wisconsin-Eau Claire,1110.0
Wentworth Institute of Technology,1109.0
University of Minnesota-Duluth,1109.0
Nebraska Wesleyan University,1109.0
Drew University,1109.0
Salve Regina University,1109.0
University of Utah,1109.0
California Lutheran University,1108.0
University of Oregon,1108.0
Webster University,1107.0
University of Arizona,1106.0
Hamline University,1106.0
Mississippi State University,1106.0
Alfred University,1106.0
Arizona State University-Polytechnic,1106.0
Embry-Riddle Aeronautical University-Daytona Beach,1105.0
Olivet Nazarene University,1105.0
Simpson College,1105.0
McDaniel College,1105.0
William Carey University,1105.0
University of Missouri-Kansas City,1105.0
University of North Carolina School of the Arts,1105.0
Marietta College,1105.0
West Chester University of Pennsylvania,1105.0
Augustana College,1105.0
Christian Brothers University,1105.0
Carthage College,1105.0
Northland College,1105.0
The Master's College and Seminary,1104.0
Ohio University-Main Campus,1104.0
Multnomah University,1104.0
Neumont University,1104.0
Quinnipiac University,1102.0
Florida Southern College,1102.0
SUNY at Albany,1102.0
Capital University,1102.0
Oregon State University,1102.0
Pacific University,1102.0
Virginia Commonwealth University,1102.0
Canisius College,1101.0
Spring Hill College,1100.0
Alma College,1100.0
University of Mississippi,1100.0
University of New Hampshire-Main Campus,1100.0
CUNY Brooklyn College,1100.0
CUNY Queens College,1100.0
University of North Texas,1100.0
Hollins University,1099.0
Azusa Pacific University,1098.0
Mississippi College,1098.0
Adelphi University,1098.0
Oklahoma Baptist University,1098.0
Freed-Hardeman University,1098.0
SUNY Oneonta,1097.0
Wisconsin Lutheran College,1097.0
Flagler College-St Augustine,1096.0
Ramapo College of New Jersey,1096.0
Baldwin Wallace University,1096.0
Milligan College,1096.0
Trine University,1095.0
Northwestern College,1095.0
Saint John Fisher College,1095.0
Arcadia University,1095.0
Prescott College,1094.0
Georgia Southern University,1094.0
MCPHS University,1094.0
Lee University,1094.0
Randolph College,1094.0
University of Puerto Rico-Cayey,1094.0
St John's University-New York,1093.0
University of Illinois at Chicago,1092.0
Concordia University-Nebraska,1091.0
North Dakota State University-Main Campus,1091.0
Ouachita Baptist University,1090.0
San Diego State University,1090.0
Emmanuel College,1090.0
Aquinas College,1090.0
Grand Valley State University,1090.0
University of Missouri-St Louis,1090.0
Missouri State University-Springfield,1090.0
Westminster College,1090.0
The University of Montana,1090.0
Manhattan College,1090.0
SUNY College of Technology at Alfred,1090.0
University of North Dakota,1090.0
Linfield College-McMinnville Campus,1090.0
University of South Dakota,1090.0
Carroll University,1090.0
Viterbo University,1090.0
Central College,1089.0
Wichita State University,1089.0
Louisiana Tech University,1089.0
Arkansas State University-Main Campus,1088.0
Lewis University,1088.0
Loras College,1088.0
University of California-Santa Cruz,1087.0
Regis University,1087.0
University of Hawaii at Manoa,1087.0
Millikin University,1087.0
High Point University,1087.0
Otterbein University,1087.0
Abilene Christian University,1087.0
Utah State University,1087.0
Baker University,1086.0
Roanoke College,1086.0
University of Illinois at Springfield,1085.0
Georgetown College,1085.0
University of Maine,1085.0
The College of Saint Scholastica,1085.0
Arizona State University-Downtown Phoenix,1085.0
Nova Southeastern University,1084.0
Elmhurst College,1084.0
Cornerstone University,1084.0
Sweet Briar College,1084.0
Indiana Wesleyan University,1083.0
Hastings College,1083.0
The University of Findlay,1083.0
University of Southern Mississippi,1082.0
SUNY at Purchase College,1082.0
Randolph-Macon College,1082.0
Howard University,1081.0
Massachusetts College of Art and Design,1081.0
University of Nevada-Reno,1081.0
Brigham Young University-Hawaii,1081.0
The Evergreen State College,1081.0
California Maritime Academy,1080.0
Le Moyne College,1080.0
Citadel Military College of South Carolina,1080.0
Northwest Nazarene University,1079.0
Newman University,1079.0
Anderson University,1079.0
Northwest University,1079.0
University of South Florida-Sarasota-Manatee,1079.0
University of California-Riverside,1078.0
Savannah College of Art and Design,1078.0
Towson University,1078.0
Dallas Baptist University,1078.0
University of Arkansas at Little Rock,1077.0
Wartburg College,1077.0
Western New England University,1077.0
Doane College-Crete,1077.0
The University of Texas at Arlington,1077.0
University of Rhode Island,1076.0
The University of Tampa,1075.0
Manhattanville College,1075.0
St Bonaventure University,1075.0
Wells College,1075.0
Houston Baptist University,1075.0
University of Colorado Denver,1073.0
Minneapolis College of Art and Design,1073.0
Kansas City Art Institute,1073.0
Arizona State University-West,1073.0
University of New Orleans,1072.0
Converse College,1072.0
Walla Walla University,1072.0
Mount Vernon Nazarene University,1071.0
Tennessee Technological University,1071.0
University of Montevallo,1070.0
University of Central Arkansas,1070.0
California State Polytechnic University-Pomona,1070.0
University of Idaho,1070.0
The College of Idaho,1070.0
University of St Francis,1070.0
University of Louisiana at Lafayette,1070.0
Endicott College,1070.0
Andrews University,1070.0
Oakland University,1070.0
Bethany Lutheran College,1070.0
Winona State University,1070.0
Fontbonne University,1070.0
Bryan College of Health Sciences,1070.0
Nebraska Methodist College of Nursing & Allied Health,1070.0
University of Nebraska at Omaha,1070.0
College of Saint Mary,1070.0
Aultman College of Nursing and Health Sciences,1070.0
George Fox University,1070.0
Geneva College,1070.0
Bob Jones University,1070.0
Bellin College,1070.0
University of Wisconsin-Green Bay,1070.0
University of Wisconsin-Stevens Point,1070.0
Ave Maria University,1070.0
University of South Florida-St Petersburg,1070.0
Visible Music College,1070.0
Spring Arbor University,1069.0
SUNY College at Brockport,1069.0
DeSales University,1069.0
The University of Tennessee-Chattanooga,1069.0
University of Mary Hardin-Baylor,1069.0
John Paul the Great Catholic University,1069.0
University of Colorado Colorado Springs,1068.0
Kennesaw State University,1068.0
Saint Mary's University of Minnesota,1068.0
The Richard Stockton College of New Jersey,1068.0
Maryville College,1068.0
Guilford College,1067.0
Corban University,1067.0
Regent University,1067.0
University of North Carolina at Charlotte,1066.0
Southern Utah University,1066.0
School of the Art Institute of Chicago,1065.0
Lesley University,1065.0
Norwich University,1065.0
University of South Alabama,1064.0
Mercyhurst University,1064.0
University of Sioux Falls,1064.0
Carson-Newman University,1064.0
The University of Texas at Tyler,1064.0
Monmouth University,1063.0
The Baptist College of Florida,1062.0
The University of West Florida,1062.0
Southwest Baptist University,1062.0
Philadelphia University,1062.0
West Virginia University,1062.0
San Francisco Art Institute,1061.0
Palm Beach Atlantic University,1061.0
University of Massachusetts-Dartmouth,1061.0
Maranatha Baptist University,1061.0
Florida College,1060.0
Georgia State University,1060.0
Mount St Mary's University,1060.0
Elmira College,1060.0
Cleveland Institute of Art,1060.0
Wilkes University,1060.0
Rutgers University-Newark,1059.0
University of Mobile,1058.0
SUNY College at Cortland,1058.0
Queens University of Charlotte,1058.0
Dakota Wesleyan University,1058.0
University of the Ozarks,1057.0
Dominican University of California,1057.0
University of New England,1057.0
Misericordia University,1057.0
Saint Martin's University,1057.0
SUNY at Fredonia,1056.0
SUNY Maritime College,1056.0
Columbia International University,1055.0
Huntington University,1054.0
Molloy College,1054.0
Saint Joseph's College-New York,1054.0
Lincoln Memorial University,1054.0
University of Hartford,1053.0
Eureka College,1053.0
Trinity Christian College,1053.0
Anderson University,1053.0
Ball State University,1053.0
Augsburg College,1053.0
Marymount Manhattan College,1053.0
SUNY Institute of Technology at Utica-Rome,1053.0
Bryan College-Dayton,1053.0
Pennsylvania State University-Penn State Erie-Behrend College,1052.0
Massachusetts Maritime Academy,1051.0
St Catherine University,1051.0
Northern Arizona University,1050.0
Boise State University,1050.0
Southern Illinois University-Edwardsville,1050.0
Grace College and Theological Seminary,1050.0
Buena Vista University,1050.0
Morningside College,1050.0
Saint Ambrose University,1050.0
University of Louisiana at Monroe,1050.0
Lake Superior State University,1050.0
Wayne State University,1050.0
Northwest Missouri State University,1050.0
College of the Ozarks,1050.0
Union College,1050.0
East Carolina University,1050.0
University of Mount Union,1050.0
Gannon University,1050.0
Marywood University,1050.0
Mount Marty College,1050.0
South Dakota State University,1050.0
O'More College of Design,1050.0
Southern Adventist University,1050.0
The University of Tennessee-Martin,1050.0
St Mary's University,1050.0
The University of Texas at San Antonio,1050.0
Edgewood College,1050.0
University of Wisconsin-Platteville,1050.0
Fort Lewis College,1049.0
Monmouth College,1049.0
Trinity International University-Illinois,1049.0
Minnesota State University-Moorhead,1049.0
Southeast Missouri State University,1049.0
University of Nebraska at Kearney,1049.0
Trevecca Nazarene University,1049.0
Concordia University-Wisconsin,1049.0
Quincy University,1048.0
Clarke University,1048.0
Xavier University of Louisiana,1048.0
Kent State University at Kent,1048.0
Bethel College-Indiana,1047.0
Stephens College,1047.0
William Woods University,1047.0
D'Youville College,1047.0
Southeastern Baptist Theological Seminary,1047.0
Walsh University,1047.0
Lycoming College,1047.0
McKendree University,1046.0
Evangel University,1046.0
Roberts Wesleyan College,1046.0
University of Mary,1046.0
Malone University,1046.0
Arizona Christian University,1045.0
Judson University,1045.0
Lindenwood University,1045.0
Portland State University,1045.0
York College Pennsylvania,1045.0
Texas State University,1045.0
North Central University,1044.0
Whittier College,1043.0
Pace University-New York,1043.0
Ashland University,1043.0
Capitol College,1042.0
Eastern University,1041.0
Robert Morris University,1041.0
Texas Lutheran University,1041.0
Marion Military Institute,1040.0
Framingham State University,1040.0
Meredith College,1040.0
Westminster College,1040.0
William Jessup University,1039.0
Florida Atlantic University,1039.0
New York Institute of Technology,1039.0
King University,1039.0
Rider University,1038.0
University of New Mexico-Main Campus,1038.0
Niagara University,1038.0
University of Jamestown,1038.0
University of Puerto Rico-Aguadilla,1038.0
Oral Roberts University,1037.0
Jacksonville State University,1036.0
Brigham Young University-Idaho,1036.0
Southwestern College,1036.0
Notre Dame of Maryland University,1036.0
University of La Verne,1035.0
Roosevelt University,1035.0
Rutgers University-Camden,1035.0
Columbus College of Art and Design,1035.0
Saint Vincent College,1035.0
Concordia University-Texas,1035.0
Hardin-Simmons University,1035.0
University of New Haven,1034.0
Blackburn College,1034.0
Madonna University,1034.0
Western Carolina University,1034.0
Valdosta State University,1033.0
Greenville College,1033.0
Thomas More College,1033.0
Belhaven University,1033.0
Calvary Bible College and Theological Seminary,1033.0
Albright College,1033.0
Bridgewater College,1033.0
Southern Illinois University-Carbondale,1032.0
Midway College,1032.0
Massachusetts College of Liberal Arts,1032.0
Seton Hill University,1032.0
Dominican University,1031.0
University of Toledo,1031.0
University of Memphis,1031.0
San Jose State University,1030.0
Simpson University,1030.0
Concordia University-Chicago,1030.0
Benedictine University,1030.0
Methodist College,1030.0
North Park University,1030.0
University of Northern Iowa,1030.0
St Luke's College,1030.0
Emporia State University,1030.0
Louisiana State University-Shreveport,1030.0
McNeese State University,1030.0
Nicholls State University,1030.0
Southeastern Louisiana University,1030.0
Hood College,1030.0
Northern Michigan University,1030.0
Western Michigan University,1030.0
Minnesota State University-Mankato,1030.0
Campbell University,1030.0
Cleveland State University,1030.0
Hiram College,1030.0
Mount Carmel College of Nursing,1030.0
University of Central Oklahoma,1030.0
Winthrop University,1030.0
Northern State University,1030.0
Memphis College of Art,1030.0
Liberty University,1030.0
Marymount University,1030.0
Washington State University,1030.0
University of Wisconsin-Whitewater,1030.0
University of Wisconsin-Oshkosh,1030.0
University of Wisconsin-Stout,1030.0
University of Wisconsin-Milwaukee,1030.0
University of Wisconsin-River Falls,1030.0
University of Northern Colorado,1029.0
Rockford University,1029.0
Murray State University,1029.0
Springfield College,1029.0
Central Michigan University,1029.0
Northwood University-Michigan,1029.0
Hannibal-LaGrange University,1029.0
University of North Carolina at Greensboro,1029.0
University of Puerto Rico-Carolina,1029.0
University of North Alabama,1028.0
University of Arkansas-Fort Smith,1028.0
Faith Baptist Bible College and Theological Seminary,1028.0
Bethel College-North Newton,1028.0
Morehead State University,1028.0
Avila University,1028.0
Ohio Dominican University,1028.0
Bryn Athyn College of the New Church,1028.0
Bluffton University,1027.0
Pennsylvania State University-Penn State Harrisburg,1027.0
Columbia College,1027.0
Cardinal Stritch University,1027.0
Clearwater Christian College,1026.0
Maine Maritime Academy,1026.0
SUNY College at Plattsburgh,1026.0
Saint Francis University,1026.0
East Tennessee State University,1026.0
Appalachian Bible College,1026.0
Oregon Institute of Technology,1025.0
Widener University-Main Campus,1025.0
Spelman College,1024.0
Illinois College,1024.0
Marian University,1024.0
Northern Kentucky University,1024.0
Rocky Mountain College,1024.0
Florida Gulf Coast University,1024.0
Judson College,1023.0
Wheeling Jesuit University,1023.0
Johnson University,1022.0
Marshall University,1022.0
California State University-Fullerton,1021.0
Cottey College,1021.0
Midwestern Baptist Theological Seminary,1021.0
University of Pittsburgh-Johnstown,1021.0
Virginia Wesleyan College,1021.0
West Virginia Wesleyan College,1021.0
Concordia University-Irvine,1020.0
Manhattan Christian College,1020.0
Ottawa University-Ottawa,1020.0
University of New Hampshire at Manchester,1020.0
Fairleigh Dickinson University-College at Florham,1020.0
CUNY Lehman College,1020.0
School of Visual Arts,1020.0
Southern Oregon University,1020.0
University of Connecticut-Avery Point,1020.0
Hebrew Theological College,1019.0
University of the Cumberlands,1019.0
Kentucky Wesleyan College,1019.0
University of Indianapolis,1018.0
Gardner-Webb University,1018.0
Ursuline College,1018.0
Johnson College,1018.0
Pacific Union College,1017.0
Eastern Connecticut State University,1017.0
Manchester University,1017.0
Tabor College,1017.0
University of Pittsburgh-Greensburg,1017.0
West Virginia University Hospital Departments of Rad Tech and Nutrition,1017.0
University of Connecticut-Stamford,1017.0
Worcester State University,1016.0
University of Akron Main Campus,1016.0
Baptist Bible College & Seminary of Pennsylvania,1016.0
Old Dominion University,1016.0
Shenandoah University,1016.0
Sterling College,1015.0
University of Massachusetts-Boston,1015.0
St Joseph's College of Nursing at St Joseph's Hospital Health Center,1015.0
Waynesburg University,1015.0
Southern Virginia University,1015.0
University of Connecticut-Tri-Campus,1015.0
California State University-Chico,1014.0
Holy Cross College,1014.0
Kansas Wesleyan University,1014.0
McPherson College,1014.0
Suffolk University,1014.0
Millersville University of Pennsylvania,1014.0
University of Washington-Bothell Campus,1014.0
Reinhardt University,1013.0
Indiana University-Purdue University-Indianapolis,1013.0
Wingate University,1013.0
California State University-Long Beach,1012.0
Henderson State University,1011.0
Aurora University,1011.0
Eastern Michigan University,1011.0
The Christ College of Nursing and Health Sciences,1011.0
Middle Tennessee State University,1011.0
Jacksonville University,1010.0
Eastern Illinois University,1010.0
Northern Illinois University,1010.0
Saint Xavier University,1010.0
Franklin College,1010.0
Mount Mercy University,1010.0
Upper Iowa University,1010.0
Pittsburg State University,1010.0
Brescia University,1010.0
Our Lady of the Lake College,1010.0
Central Maine Medical Center College of Nursing and Health Professions,1010.0
Concordia University-Ann Arbor,1010.0
College for Creative Studies,1010.0
Ferris State University,1010.0
Saint Cloud State University,1010.0
Southwest Minnesota State University,1010.0
William Paterson University of New Jersey,1010.0
The University of the Arts,1010.0
Erskine College,1010.0
Limestone College,1010.0
Dakota State University,1010.0
Lubbock Christian University,1010.0
University of Wisconsin-Superior,1010.0
University of California-Merced,1010.0
Eastern Kentucky University,1009.0
Western Kentucky University,1009.0
Iona College,1009.0
Art Academy of Cincinnati,1009.0
Bowling Green State University-Main Campus,1009.0
Austin Peay State University,1009.0
University of North Georgia,1009.0
Alaska Pacific University,1008.0
Arkansas Tech University,1008.0
Humboldt State University,1008.0
Kuyper College,1008.0
Cairn University-Langhorne,1008.0
The University of Texas of the Permian Basin,1008.0
Union College,1007.0
Northwestern State University of Louisiana,1007.0
Adrian College,1007.0
Blue Mountain College,1007.0
Shepherd University,1007.0
Lakeland College,1007.0
Sonoma State University,1006.0
Central Connecticut State University,1006.0
Becker College,1006.0
Central Methodist University-College of Liberal Arts and Sciences,1006.0
Mount Saint Mary College,1006.0
Wilmington College,1006.0
Tennessee Wesleyan College,1006.0
Western State Colorado University,1005.0
Hawaii Pacific University,1005.0
Iowa Wesleyan College,1005.0
Delaware Valley College,1005.0
University of Southern Indiana,1004.0
University of Minnesota-Crookston,1004.0
Minot State University,1004.0
Pennsylvania State University-Penn State Lehigh Valley,1004.0
Emory & Henry College,1004.0
University of Southern Maine,1003.0
University of Nevada-Las Vegas,1003.0
Otis College of Art and Design,1002.0
Kettering College,1002.0
Slippery Rock University of Pennsylvania,1002.0
Longwood University,1002.0
Lynchburg College,1002.0
Georgia Regents University,1002.0
Williams Baptist College,1001.0
Menlo College,1001.0
Piedmont College,1001.0
Missouri Baptist University,1001.0
Toccoa Falls College,1000.0
College of Staten Island CUNY,1000.0
Huntingdon College,999.0
Sam Houston State University,999.0
Eastern Mennonite University,999.0
San Francisco State University,998.0
Saint Josephs College,998.0
Santa Fe University of Art and Design,998.0
SUNY College at Old Westbury,998.0
Cabarrus College of Health Sciences,998.0
Stephen F Austin State University,998.0
Armstrong Atlantic State University,997.0
Point Park University,997.0
Texas Wesleyan University,997.0
Lincoln Christian University,996.0
Indiana University-Purdue University-Fort Wayne,996.0
Wheelock College,996.0
La Salle University,996.0
LaGrange College,995.0
Westfield State University,995.0
Mississippi University for Women,995.0
Grace University,995.0
Aria Health School of Nursing,995.0
Pennsylvania State University-Penn State Wilkes-Barre,995.0
Schreiner University,995.0
West Texas A & M University,994.0
University of Michigan-Flint,993.0
Concordia University-Portland,993.0
Wilson College,993.0
Coastal Carolina University,993.0
Black Hills State University,993.0
Texas A & M University-Texarkana,993.0
Midwestern State University,993.0
Bridgewater State University,991.0
Concordia University-Saint Paul,991.0
Pennsylvania State University-Penn State New Kensington,991.0
University of Charleston,991.0
Troy University,990.0
Morehouse College,990.0
Fort Hays State University,990.0
Alice Lloyd College,990.0
Stevenson University,990.0
Rochester College,990.0
Saginaw Valley State University,990.0
Siena Heights University,990.0
Bemidji State University,990.0
University of Central Missouri,990.0
Missouri Southern State University,990.0
University of Science and Arts of Oklahoma,990.0
Southwestern Oklahoma State University,990.0
Bloomsburg University of Pennsylvania,990.0
Pennsylvania State University-Penn State Altoona,990.0
Hampton University,990.0
West Virginia University Institute of Technology,990.0
University of Wisconsin-Parkside,990.0
Southern Arkansas University Main Campus,989.0
Vaughn College of Aeronautics and Technology,989.0
Cincinnati Christian University,989.0
College of Mount St Joseph,989.0
Alderson Broaddus University,989.0
Oakland City University,988.0
University of Saint Mary,988.0
Pennsylvania State University-Penn State Berks,988.0
Woodbury University,987.0
Fitchburg State University,987.0
Texas A & M University-Commerce,987.0
San Diego Christian College,986.0
Salem State University,986.0
The College of New Rochelle,986.0
Paul Smiths College of Arts and Science,986.0
Cumberland University,986.0
Central Washington University,986.0
Campbellsville University,985.0
Fairleigh Dickinson University-Metropolitan Campus,985.0
Catawba College,985.0
California Baptist University,984.0
Columbus State University,984.0
Pennsylvania State University-Penn State York,984.0
Tarleton State University,984.0
West Liberty University,984.0
Crown College,983.0
Lake Erie College,983.0
Muskingum University,983.0
Wesleyan College,982.0
New Mexico State University-Main Campus,982.0
Lancaster Bible College,982.0
Moore College of Art and Design,982.0
University of South Carolina-Upstate,982.0
McMurry University,982.0
University of Saint Francis-Fort Wayne,981.0
Oklahoma Wesleyan University,981.0
Vanguard University of Southern California,980.0
Young Harris College,980.0
Waldorf College,980.0
Shippensburg University of Pennsylvania,980.0
Radford University,980.0
Concord University,980.0
Fresno Pacific University,979.0
Grand View University,979.0
Boise Bible College,977.0
Friends University,977.0
Belmont Abbey College,977.0
Valley Forge Christian College,977.0
Kentucky Christian University,976.0
Cleary University,976.0
Lenoir-Rhyne University,976.0
Alvernia University,976.0
California State University-Monterey Bay,976.0
Purdue University-Calumet Campus,975.0
Franklin Pierce University,975.0
Keene State College,975.0
SUNY College of Agriculture and Technology at Cobleskill,975.0
Buffalo State SUNY,975.0
Central Baptist College,974.0
Lasell College,974.0
LIU Post,974.0
Northwest Christian University,974.0
Lamar University,974.0
Metropolitan State University of Denver,973.0
Indiana University of Pennsylvania-Main Campus,973.0
University of Pittsburgh-Bradford,973.0
Charleston Southern University,973.0
University of South Carolina-Aiken,973.0
Notre Dame de Namur University,972.0
Colorado Mesa University,972.0
Chaminade University of Honolulu,972.0
Culver-Stockton College,972.0
Ohio Valley University,971.0
Watkins College of Art Design & Film,971.0
Auburn University at Montgomery,970.0
Southeastern Bible College,970.0
Baptist Health Schools-Little Rock,970.0
Johnson University Florida,970.0
Western Illinois University,970.0
Central Christian College of Kansas,970.0
Pearl River Community College,970.0
Saint Louis Christian College,970.0
Midland University,970.0
Montclair State University,970.0
New York School of Interior Design,970.0
Good Samaritan College of Nursing and Health Science,970.0
Trinity Health System School of Nursing,970.0
Northeastern State University,970.0
Eastern Washington University,970.0
University of Wisconsin Colleges,970.0
Graceland University-Lamoni,969.0
Farmingdale State College,969.0
Tiffin University,969.0
East Central University,969.0
Louisiana College,968.0
Pennsylvania State University-Penn State Brandywine,968.0
Pennsylvania State University-World Campus,968.0
Colorado State University-Pueblo,967.0
University of Hawaii at Hilo,967.0
New Mexico Military Institute,967.0
Valley City State University,967.0
Thiel College,967.0
University of the Incarnate Word,967.0
California State University-San Marcos,966.0
Southern New Hampshire University,965.0
Plymouth State University,965.0
Dickinson State University,965.0
Angelo State University,965.0
Fairmont State University,965.0
MacMurray College,964.0
Bay Path College,964.0
St Andrews University,964.0
Defiance College,964.0
California University of Pennsylvania,964.0
Mansfield University of Pennsylvania,964.0
Frostburg State University,963.0
Southwestern Christian University,963.0
Jefferson College of Health Sciences,963.0
University of Washington-Tacoma Campus,963.0
Indiana University-South Bend,962.0
Husson University,962.0
Daniel Webster College,962.0
Methodist University,961.0
Tusculum College,961.0
Saint Joseph's College of Maine,960.0
Chestnut Hill College,960.0
Pennsylvania State University-Penn State Mont Alto,960.0
Texas A & M University-Corpus Christi,960.0
Kutztown University of Pennsylvania,959.0
Mary Baldwin College,959.0
Brenau University,957.0
Pennsylvania State University-Penn State Greater Allegheny,957.0
Reading Hospital School of Health Sciences,957.0
East Texas Baptist University,957.0
Mount Mary University,957.0
Bethany College,956.0
Signature Healthcare Brockton Hospital School of Nursing,956.0
Centenary College,956.0
Coker College,956.0
Southeastern University,955.0
Pennsylvania State University-Penn State Beaver,955.0
Pennsylvania College of Health Sciences,955.0
Shorter University,954.0
Purdue University-North Central Campus,954.0
Barclay College,954.0
Eastern Nazarene College,954.0
Regis College,954.0
Pfeiffer University,954.0
Castleton State College,954.0
California State University-Channel Islands,954.0
Howard Payne University,953.0
Texas Woman's University,953.0
Spalding University,952.0
Hope International University,951.0
Pennsylvania State University-Penn State Dubois,951.0
University of West Alabama,950.0
University of Saint Joseph,950.0
Georgia Southwestern State University,950.0
University of West Georgia,950.0
Indiana University-Kokomo,950.0
Indiana University-Southeast,950.0
MidAmerica Nazarene University,950.0
Louisiana State University-Alexandria,950.0
Delta State University,950.0
Muhlenberg Harold B and Dorothy A Snyder Schools-School of Nursing,950.0
CUNY John Jay College of Criminal Justice,950.0
Brevard College,950.0
Montreat College,950.0
Rogers State University,950.0
Southeastern Oklahoma State University,950.0
Western Oregon University,950.0
Alverno College,950.0
Marian University,950.0
Silver Lake College of the Holy Family,950.0
Caldwell College,949.0
Southwestern Adventist University,949.0
The University of Virginia's College at Wise,949.0
Cedar Crest College,948.0
Pennsylvania State University-Penn State Hazleton,948.0
Johnson State College,948.0
Florida Agricultural and Mechanical University,947.0
Point University,946.0
Utica College,946.0
Carlow University,946.0
East Stroudsburg University of Pennsylvania,946.0
California State University-Sacramento,945.0
Lander University,945.0
Davis & Elkins College,945.0
Gwynedd Mercy University,944.0
Indiana University-East,943.0
Notre Dame College,943.0
Immaculata University,943.0
Pennsylvania State University-Penn State Abington,942.0
West Virginia State University,942.0
Mars Hill University,941.0
Pennsylvania State University-Penn State Worthington Scranton,941.0
Averett University,941.0
Lynn University,940.0
College of Coastal Georgia,940.0
Saint Elizabeth School of Nursing,940.0
University of Baltimore,940.0
Nichols College,940.0
St Francis College,940.0
Pennsylvania State University-Penn State Fayette- Eberly,940.0
Wayland Baptist University,940.0
Mercy Hospital School of Nursing,940.0
Adams State University,939.0
Clayton State University,939.0
Truett-McConnell College,939.0
Barton College,939.0
Ohio Christian University,939.0
Francis Marion University,938.0
Newberry College,938.0
Tuskegee University,937.0
University of Maine at Machias,937.0
CUNY New York City College of Technology,937.0
Lock Haven University,937.0
The University of Texas-Pan American,937.0
Lewis-Clark State College,936.0
Bethany College,936.0
Emmanuel College,935.0
Eastern Oregon University,935.0
Indiana Institute of Technology,934.0
Presentation College,934.0
Holy Family University,933.0
Vermont Technical College,933.0
Northwood University-Florida,932.0
Rivier University,932.0
Eastern New Mexico University-Main Campus,932.0
University of South Carolina-Beaufort,932.0
Curry College,931.0
St Thomas Aquinas College,931.0
La Roche College,931.0
University of Arkansas Community College-Morrilton,930.0
Life Pacific College,930.0
Barry University,930.0
Kentucky Mountain Bible College,930.0
Finlandia University,930.0
Oak Hills Christian College,930.0
Morrisville State College,930.0
Northwestern Oklahoma State University,930.0
Edinboro University of Pennsylvania,930.0
St Margaret School of Nursing,930.0
University of Pittsburgh Medical Center-Shadyside School of Nursing,930.0
Rhode Island College,930.0
Bethel University,930.0
Dallas Christian College,930.0
Lyndon State College,930.0
Mount St Mary's College,928.0
College of Our Lady of the Elms,928.0
Davis College,928.0
Virginia Intermont College,928.0
Olivet College,927.0
Rosemont College,927.0
University of South Carolina-Sumter,927.0
La Sierra University,926.0
University of Dubuque,926.0
William Penn University,926.0
University of North Carolina at Pembroke,926.0
Montana State University-Northern,925.0
Oakwood University,924.0
York College,924.0
Northwood University-Texas,924.0
University of Bridgeport,923.0
Mid-Continent University,923.0
The University of Texas at El Paso,923.0
Webber International University,922.0
Southern Connecticut State University,921.0
LIU Brooklyn,921.0
California State University-Fresno,920.0
Missouri Valley College,920.0
College of Mount Saint Vincent,919.0
California State University-Northridge,918.0
Indiana University-Northwest,918.0
California State University-Stanislaus,917.0
New Jersey City University,917.0
Southern Wesleyan University,916.0
Nyack College,915.0
Mount Olive College,915.0
Clarion University of Pennsylvania,915.0
Mount Aloysius College,915.0
Saint Peter's University,913.0
Valley Forge Military College,913.0
Concordia College-New York,912.0
California State University-East Bay,910.0
Holy Names University,910.0
Indiana State University,910.0
Jackson State University,910.0
William Peace University,910.0
Cleveland State Community College,910.0
Motlow State Community College,910.0
Roane State Community College,910.0
University of Pikeville,909.0
Warner University,908.0
University of Maine at Fort Kent,908.0
LIM College,907.0
Kean University,905.0
CUNY York College,905.0
Bluefield State College,905.0
St Thomas University,904.0
University of Houston-Victoria,903.0
North Carolina A & T State University,902.0
California State University-Bakersfield,901.0
Keystone College,901.0
Georgian Court University,900.0
Bluefield College,900.0
Dominican College of Blauvelt,899.0
Hillsdale Free Will Baptist College,899.0
Trinity Lutheran College,898.0
Arizona State University-Skysong,898.0
Abraham Baldwin Agricultural College,897.0
Brewton-Parker College,896.0
Cabrini College,896.0
Saint Mary-of-the-Woods College,895.0
Thomas College,895.0
Boston Baptist College,895.0
Texas A & M University-Kingsville,895.0
Five Towns College,894.0
University of Houston-Downtown,894.0
Morgan State University,893.0
Chicago State University,892.0
Texas A & M International University,892.0
University of Hawaii-West Oahu,891.0
Greensboro College,891.0
Delaware State University,890.0
Northeastern Illinois University,890.0
Southern University and A & M College,890.0
Oklahoma Panhandle State University,890.0
Winston-Salem State University,889.0
Pennsylvania State University-Penn State Shenango,889.0
California State University-San Bernardino,888.0
Albany State University,887.0
Bowie State University,886.0
American International College,885.0
Adventist University of Health Sciences,884.0
Dillard University,884.0
Southern Vermont College,883.0
Stillman College,882.0
Our Lady of the Lake University,882.0
Clark Atlanta University,880.0
Coppin State University,880.0
Mount Ida College,880.0
Norfolk State University,879.0
Glenville State College,879.0
Piedmont International University,878.0
University of Pittsburgh-Titusville,878.0
Tennessee Temple University,878.0
San Diego State University-Imperial Valley Campus,878.0
Felician College,877.0
Maria College of Albany,874.0
Claflin University,873.0
California State University-Los Angeles,871.0
University of Maryland Eastern Shore,871.0
Ferrum College,868.0
Post University,865.0
Medaille College,865.0
University of South Carolina-Lancaster,865.0
Sul Ross State University,865.0
Tougaloo College,864.0
Trinity Baptist College,863.0
Grambling State University,863.0
Cox College,863.0
North Carolina Wesleyan College,863.0
Hiwassee College,863.0
Neumann University,861.0
Kentucky State University,860.0
North Carolina Central University,859.0
Spartanburg Methodist College,859.0
Calumet College of Saint Joseph,855.0
College of Saint Elizabeth,855.0
Fisk University,854.0
Mid-Atlantic Christian University,853.0
Lincoln University of Pennsylvania,853.0
Alcorn State University,851.0
Fayetteville State University,851.0
South Carolina State University,851.0
Lincoln College,850.0
Newbury College,850.0
Pennsylvania State University-Penn State Schuylkill,850.0
Elizabeth City State University,849.0
Savannah State University,847.0
California State University-Dominguez Hills,845.0
Lexington College,845.0
Dean College,845.0
Prairie View A & M University,845.0
University of Arkansas at Pine Bluff,842.0
College of St Joseph,842.0
Wesley College,841.0
Gallaudet University,841.0
Gordon State College,840.0
CUNY Medgar Evers College,838.0
Richard Bland College of the College of William and Mary,837.0
Bacone College,836.0
Bloomfield College,835.0
Texas Southern University,832.0
Alabama State University,830.0
Albertus Magnus College,830.0
Fort Valley State University,830.0
Manor College,830.0
Johnson C Smith University,826.0
University of South Carolina-Union,826.0
Andrew College,825.0
Fisher College,825.0
Mississippi Valley State University,825.0
Central State University,825.0
Alabama A & M University,823.0
Bethune-Cookman University,812.0
Virginia State University,811.0
Southern University at New Orleans,808.0
University of the Virgin Islands,807.0
Edward Waters College,802.0
University of South Carolina-Salkehatchie,789.0
Marygrove College,780.0
Huston-Tillotson University,780.0
Paine College,778.0
Chowan University,777.0
Paul Quinn College,775.0
Pine Manor College,760.0
Le Moyne-Owen College,760.0
Southwest Tennessee Community College,756.0
Louisburg College,755.0
Virginia Union University,750.0
Saint Augustine's University,749.0
Charles R Drew University of Medicine and Science,735.0
Livingstone College,723.0
Lane College,716.0
Rust College,666.0
