University,75earn,Ownership,Control
SUNY Downstate Medical Center,229100,1,Public
University of Medicine and Dentistry of New Jersey,218500,1,Public
Upstate Medical University,212200,1,Public
University of Texas Southwestern Medical Center,186100,1,Public
University of Colorado Denver,125800,1,Public
The University of Texas Health Science Center at Houston,123800,1,Public
United States Merchant Marine Academy,122800,1,Public
University of Maryland-Baltimore,119800,1,Public
Medical University of South Carolina,111000,1,Public
California Maritime Academy,110300,1,Public
Maine Maritime Academy,108600,1,Public
Massachusetts Maritime Academy,108200,1,Public
University of Nebraska Medical Center,102600,1,Public
The University of Texas Health Science Center at San Antonio,100700,1,Public
Colorado School of Mines,98500,1,Public
SUNY Maritime College,98400,1,Public
Georgia Institute of Technology-Main Campus,98300,1,Public
Oregon Health & Science University,98100,1,Public
University of California-Berkeley,97600,1,Public
The University of Texas Medical Branch,89300,1,Public
University of Arkansas for Medical Sciences,89100,1,Public
Texas Tech University Health Sciences Center,89100,1,Public
New Jersey Institute of Technology,89000,1,Public
Georgia Health Sciences University,88800,1,Public
University of California-Los Angeles,88600,1,Public
University of California-San Diego,88100,1,Public
University of Virginia-Main Campus,87900,1,Public
University of Michigan-Ann Arbor,87500,1,Public
College of William and Mary,86700,1,Public
California Polytechnic State University-San Luis Obispo,86400,1,Public
University of California-Davis,85500,1,Public
Louisiana State University Health Sciences Center-New Orleans,84200,1,Public
SUNY at Binghamton,83500,1,Public
Missouri University of Science and Technology,83100,1,Public
University of Maryland-College Park,82900,1,Public
Virginia Polytechnic Institute and State University,82800,1,Public
University of Illinois at Urbana-Champaign,82300,1,Public
New Mexico Institute of Mining and Technology,82000,1,Public
The University of Texas at Austin,81900,1,Public
University of Baltimore,81800,1,Public
George Mason University,81400,1,Public
University of California-Irvine,80500,1,Public
San Jose State University,80300,1,Public
Michigan Technological University,79200,1,Public
Texas A & M University-Galveston,79000,1,Public
Texas A & M University-College Station,79000,1,Public
Stony Brook University,78000,1,Public
CUNY Bernard M Baruch College,77900,1,Public
Rutgers University-Camden,77800,1,Public
Rutgers University-New Brunswick,77800,1,Public
Rutgers University-Newark,77800,1,Public
Purdue University-Main Campus,77700,1,Public
University of Florida,77600,1,Public
University of Washington-Seattle Campus,77600,1,Public
University of Washington-Bothell Campus,77600,1,Public
University of Washington-Tacoma Campus,77600,1,Public
University of Maryland-University College,77200,1,Public
Virginia Military Institute,77100,1,Public
South Dakota School of Mines and Technology,76400,1,Public
University of North Carolina at Chapel Hill,76300,1,Public
James Madison University,76100,1,Public
Thomas Edison State College,75900,1,Public
University of California-Santa Barbara,75800,1,Public
University of Utah,75200,1,Public
University of Maryland-Baltimore County,74900,1,Public
The University of Texas at Dallas,74900,1,Public
University of Connecticut,74800,1,Public
University of Illinois at Chicago,74300,1,Public
California State Polytechnic University-Pomona,74000,1,Public
University of Delaware,73900,1,Public
Oregon Institute of Technology,73900,1,Public
University of Wisconsin-Madison,73900,1,Public
The College of New Jersey,73800,1,Public
University at Buffalo,72700,1,Public
Southern Polytechnic State University,72600,1,Public
Michigan State University,72200,1,Public
Clemson University,71800,1,Public
California State University-East Bay,71600,1,Public
University of Alabama at Huntsville,71300,1,Public
University of Oklahoma Health Sciences Center,71100,1,Public
University of Oklahoma Norman Campus,71100,1,Public
SUNY at Albany,71000,1,Public
Citadel Military College of South Carolina,71000,1,Public
North Carolina State University at Raleigh,70900,1,Public
University of Colorado Boulder,70400,1,Public
University of Massachusetts-Lowell,70200,1,Public
University of Pittsburgh-Bradford,70000,1,Public
University of Pittsburgh-Greensburg,70000,1,Public
University of Pittsburgh-Johnstown,70000,1,Public
University of Pittsburgh-Pittsburgh Campus,70000,1,Public
University of Houston,70000,1,Public
University of Arizona,69900,1,Public
University of Massachusetts Amherst,69800,1,Public
Pennsylvania State University-Penn State Erie-Behrend College,69700,1,Public
Pennsylvania State University-Penn State New Kensington,69700,1,Public
Pennsylvania State University-Penn State Shenango,69700,1,Public
Pennsylvania State University-Penn State Wilkes-Barre,69700,1,Public
Pennsylvania State University-Penn State Worthington Scranton,69700,1,Public
Pennsylvania State University-Penn State Lehigh Valley,69700,1,Public
Pennsylvania State University-Penn State Altoona,69700,1,Public
Pennsylvania State University-Penn State Beaver,69700,1,Public
Pennsylvania State University-Penn State Berks,69700,1,Public
Pennsylvania State University-Penn State Harrisburg,69700,1,Public
Pennsylvania State University-Penn State Brandywine,69700,1,Public
Pennsylvania State University-Main Campus,69700,1,Public
Pennsylvania State University-Penn State Greater Allegheny,69700,1,Public
Pennsylvania State University-Penn State Abington,69700,1,Public
Pennsylvania State University-Penn State Schuylkill,69700,1,Public
Pennsylvania State University-Penn State York,69700,1,Public
University of Mary Washington,69700,1,Public
University of Iowa,69600,1,Public
University of Michigan-Dearborn,69600,1,Public
CUNY Queens College,69300,1,Public
University of Rhode Island,69100,1,Public
Farmingdale State College,68900,1,Public
San Diego State University,68700,1,Public
San Diego State University-Imperial Valley Campus,68700,1,Public
University of California-Riverside,68500,1,Public
North Dakota State University-Main Campus,68500,1,Public
St Mary's College of Maryland,68400,1,Public
Montana Tech of the University of Montana,68300,1,Public
University of North Dakota,68300,1,Public
Louisiana State University and Agricultural & Mechanical College,68100,1,Public
Bowie State University,67900,1,Public
University of Minnesota-Twin Cities,67900,1,Public
Oregon State University,67800,1,Public
Oregon State University-Cascades Campus,67800,1,Public
Arizona State University,67500,1,Public
Southwestern College,67500,1,Public
Towson University,67400,1,Public
SUNY Institute of Technology at Utica-Rome,67400,1,Public
Washington State University,67300,1,Public
University of Georgia,67200,1,Public
Texas Tech University,67100,1,Public
California State University-Long Beach,67000,1,Public
Utah Valley University,67000,1,Public
Ramapo College of New Jersey,66800,1,Public
San Francisco State University,66600,1,Public
Iowa State University,66600,1,Public
University of New Hampshire-Main Campus,66600,1,Public
University of New Hampshire at Manchester,66600,1,Public
Miami University-Hamilton,66400,1,Public
Miami University-Middletown,66400,1,Public
Miami University-Oxford,66400,1,Public
University of Missouri-Columbia,66300,1,Public
University of Missouri-Kansas City,66300,1,Public
Auburn University,66200,1,Public
California State University-Chico,66100,1,Public
Indiana University-Bloomington,66100,1,Public
CUNY Brooklyn College,66100,1,Public
Temple University,66000,1,Public
University of Nevada-Reno,65900,1,Public
Colorado State University-Fort Collins,65800,1,Public
Montclair State University,65800,1,Public
Oklahoma State University-Main Campus,65800,1,Public
West Virginia University Institute of Technology,65700,1,Public
West Virginia University,65700,1,Public
CUNY College of Staten Island,65600,1,Public
California State University-Fullerton,65500,1,Public
CUNY City College,65400,1,Public
California State University-Sacramento,65200,1,Public
Florida International University,65200,1,Public
University of Houston-Clear Lake,65200,1,Public
The University of Texas at Arlington,65200,1,Public
The University of Tennessee,65100,1,Public
CUNY Hunter College,65000,1,Public
Utah State University,65000,1,Public
University of Massachusetts-Boston,64900,1,Public
CUNY John Jay College of Criminal Justice,64800,1,Public
University of Massachusetts-Dartmouth,64600,1,Public
University of Wyoming,64500,1,Public
University of California-Santa Cruz,64400,1,Public
State University of New York at New Paltz,64300,1,Public
SUNY College at Old Westbury,64300,1,Public
Portland State University,64200,1,Public
Texas Woman's University,64200,1,Public
Sonoma State University,64100,1,Public
California State University-Northridge,63700,1,Public
California State University-San Marcos,63700,1,Public
California State University-Bakersfield,63600,1,Public
Weber State University,63300,1,Public
University of Wisconsin-Platteville,63300,1,Public
Florida State University,63200,1,Public
University of Kansas,63100,1,Public
University of Vermont,63100,1,Public
University of Arkansas,63000,1,Public
University of Nevada-Las Vegas,63000,1,Public
Charter Oak State College,62900,1,Public
University of Alaska Anchorage,62700,1,Public
Northern Illinois University,62700,1,Public
California State University-San Bernardino,62600,1,Public
Salisbury University,62600,1,Public
Rowan University,62600,1,Public
The Richard Stockton College of New Jersey,62600,1,Public
Kansas State University,62400,1,Public
Old Dominion University,62300,1,Public
University of Colorado-Colorado Springs,62200,1,Public
University of Central Florida,62200,1,Public
Ohio State University-Lima Campus,62200,1,Public
Ohio State University-Newark Campus,62200,1,Public
Ohio State University-Main Campus,62200,1,Public
University of Mississippi,62100,1,Public
University of Mississippi Medical Center,62100,1,Public
The University of Texas at Tyler,62100,1,Public
Kean University,62000,1,Public
University of South Carolina-Columbia,62000,1,Public
California State University-Los Angeles,61900,1,Public
University of Hawaii at Manoa,61900,1,Public
Wayne State University,61900,1,Public
Metropolitan State University,61900,1,Public
California State University-Dominguez Hills,61700,1,Public
University of Nebraska-Lincoln,61700,1,Public
Illinois State University,61400,1,Public
University of Minnesota-Duluth,61400,1,Public
Central Washington University,61300,1,Public
University of Kentucky,61200,1,Public
West Chester University of Pennsylvania,61200,1,Public
California State University-Fresno,61100,1,Public
Shippensburg University of Pennsylvania,61100,1,Public
Virginia Commonwealth University,61100,1,Public
William Paterson University of New Jersey,61000,1,Public
Southern Illinois University Carbondale,60900,1,Public
SUNY at Geneseo,60900,1,Public
The University of Alabama,60700,1,Public
University of North Carolina at Charlotte,60500,1,Public
Western Michigan University,60300,1,Public
Oakland University,60200,1,Public
Louisiana Tech University,60000,1,Public
Texas State University-San Marcos,60000,1,Public
Mississippi State University,59900,1,Public
Central Connecticut State University,59800,1,Public
University of Idaho,59700,1,Public
SUNY Empire State College,59500,1,Public
University of Wisconsin-Eau Claire,59500,1,Public
University of Oregon,59400,1,Public
Western Washington University,59400,1,Public
University of Wisconsin-La Crosse,59400,1,Public
Western Connecticut State University,59300,1,Public
SUNY College of Environmental Science and Forestry,59300,1,Public
SUNY College at Cortland,59300,1,Public
Lamar University,59300,1,Public
Truman State University,59100,1,Public
University of North Florida,59000,1,Public
Georgia State University,59000,1,Public
Purdue University-Calumet Campus,58900,1,Public
Framingham State University,58900,1,Public
University of Nebraska at Omaha,58900,1,Public
North Georgia College & State University,58800,1,Public
Minnesota State University-Mankato,58800,1,Public
CUNY Lehman College,58800,1,Public
Worcester State University,58700,1,Public
Montana State University,58700,1,Public
Southern Connecticut State University,58600,1,Public
Governors State University,58600,1,Public
Fitchburg State University,58600,1,Public
University of Toledo,58600,1,Public
The University of Texas at San Antonio,58600,1,Public
Radford University,58600,1,Public
New Jersey City University,58400,1,Public
University of Wisconsin-Stout,58400,1,Public
University of South Florida-Main Campus,58300,1,Public
Kennesaw State University,58300,1,Public
University of South Florida-St. Petersburg Campus,58300,1,Public
University of South Florida Sarasota-Manatee,58300,1,Public
University of South Florida-Polytechnic,58300,1,Public
California State University-Stanislaus,58200,1,Public
Florida Atlantic University,58200,1,Public
Ferris State University,58200,1,Public
University of Cincinnati-Main Campus,58200,1,Public
University of Michigan-Flint,58000,1,Public
University of Alabama at Birmingham,57900,1,Public
University of Alaska Fairbanks,57900,1,Public
Western Illinois University,57900,1,Public
University of North Texas,57800,1,Public
Winona State University,57700,1,Public
South Dakota State University,57700,1,Public
Texas A & M University-Corpus Christi,57700,1,Public
University of Wisconsin-Milwaukee,57700,1,Public
California State University-Monterey Bay,57700,1,Public
Frostburg State University,57600,1,Public
Cleveland State University,57600,1,Public
Southwestern Oklahoma State University,57600,1,Public
Southern Illinois University Edwardsville,57500,1,Public
Idaho State University,57400,1,Public
University of Houston-Downtown,57300,1,Public
Eastern Connecticut State University,57200,1,Public
Morgan State University,57200,1,Public
Gordon College,57200,1,Public
Bloomsburg University of Pennsylvania,57100,1,Public
Florida Agricultural and Mechanical University,56800,1,Public
University of Maine,56800,1,Public
Indiana University-Purdue University-Indianapolis,56700,1,Public
University of Illinois at Springfield,56600,1,Public
College of Charleston,56600,1,Public
Tennessee Technological University,56600,1,Public
University of South Alabama,56500,1,Public
Eastern Illinois University,56500,1,Public
Salem State University,56500,1,Public
Saint Cloud State University,56400,1,Public
SUNY College at Oneonta,56400,1,Public
University of Missouri-St Louis,56300,1,Public
Ohio University-Main Campus,56300,1,Public
Christopher Newport University,56300,1,Public
Westfield State University,56200,1,Public
Central Michigan University,56200,1,Public
University of Central Oklahoma,56100,1,Public
Eastern Washington University,56100,1,Public
Clayton State University,56000,1,Public
University of New Orleans,56000,1,Public
The University of Texas of the Permian Basin,55900,1,Public
Metropolitan State College of Denver,55800,1,Public
Bridgewater State University,55800,1,Public
Columbia College,55800,1,Public
Tarleton State University,55800,1,Public
West Texas A & M University,55800,1,Public
Northern Arizona University,55700,1,Public
Wichita State University,55700,1,Public
East Stroudsburg University of Pennsylvania,55700,1,Public
East Carolina University,55600,1,Public
Texas A & M University-Kingsville,55600,1,Public
University of Wisconsin-Whitewater,55600,1,Public
Wright State University-Main Campus,55500,1,Public
Millersville University of Pennsylvania,55500,1,Public
University of North Carolina at Wilmington,55400,1,Public
Georgia Southern University,55300,1,Public
University of New Mexico-Main Campus,55300,1,Public
SUNY College at Plattsburgh,55300,1,Public
Sam Houston State University,55300,1,Public
University of Northern Iowa,55200,1,Public
University of Louisville,55200,1,Public
SUNY College at Oswego,55200,1,Public
Angelo State University,55200,1,Public
University of the District of Columbia,55100,1,Public
McNeese State University,55100,1,Public
University of Louisiana at Lafayette,54900,1,Public
Kutztown University of Pennsylvania,54900,1,Public
Midwestern State University,54900,1,Public
Grand Valley State University,54700,1,Public
University of Northern Colorado,54600,1,Public
Armstrong Atlantic State University,54500,1,Public
University of Minnesota-Crookston,54500,1,Public
Pittsburg State University,54400,1,Public
University of Wisconsin-Oshkosh,54400,1,Public
University of Louisiana-Monroe,54300,1,Public
Chadron State College,54300,1,Public
CUNY York College,54200,1,Public
SUNY College at Brockport,54200,1,Public
University of Memphis,54200,1,Public
Southern Utah University,54200,1,Public
Florida Gulf Coast University,54200,1,Public
University of South Dakota,54000,1,Public
The University of Texas at El Paso,54000,1,Public
University of Wisconsin-River Falls,54000,1,Public
Boise State University,53700,1,Public
SUNY at Purchase College,53700,1,Public
Rhode Island College,53700,1,Public
Humboldt State University,53600,1,Public
Bowling Green State University-Main Campus,53600,1,Public
Keene State College,53500,1,Public
Dickinson State University,53500,1,Public
Texas A & M International University,53500,1,Public
Georgia College & State University,53400,1,Public
University of Minnesota-Morris,53300,1,Public
Stephen F Austin State University,53300,1,Public
University of Southern Mississippi,53200,1,Public
Indiana University-Northwest,53100,1,Public
Northwest Missouri State University,53100,1,Public
Tennessee State University,53100,1,Public
University of Wisconsin-Parkside,53100,1,Public
Western State College of Colorado,53000,1,Public
University of Maryland Eastern Shore,53000,1,Public
Indiana University of Pennsylvania-Main Campus,53000,1,Public
Lake Superior State University,52900,1,Public
Lock Haven University,52800,1,Public
Northeastern Illinois University,52700,1,Public
Saginaw Valley State University,52700,1,Public
Purdue University-North Central Campus,52600,1,Public
Missouri State University-Springfield,52600,1,Public
Eastern Oregon University,52600,1,Public
Shepherd University,52500,1,Public
Washburn University,52400,1,Public
Northwestern State University of Louisiana,52400,1,Public
SUNY College at Buffalo,52400,1,Public
Southern Oregon University,52400,1,Public
University of Hawaii-West Oahu,52200,1,Public
Ball State University,52200,1,Public
Eastern Michigan University,52200,1,Public
University of Nebraska at Kearney,52200,1,Public
The University of Texas-Pan American,52200,1,Public
Colorado State University-Pueblo,52100,1,Public
University of Southern Maine,52100,1,Public
University of Central Missouri,52100,1,Public
Western Oregon University,52100,1,Public
University of Wisconsin-Green Bay,52100,1,Public
University of Wisconsin-Stevens Point,52100,1,Public
Chicago State University,52000,1,Public
California University of Pennsylvania,52000,1,Public
Colorado Mesa University,51900,1,Public
New Mexico State University-Main Campus,51900,1,Public
Minot State University,51900,1,Public
Northwestern Oklahoma State University,51900,1,Public
University of Houston-Victoria,51900,1,Public
Marshall University,51900,1,Public
Louisiana State University-Shreveport,51800,1,Public
SUNY at Fredonia,51800,1,Public
Kent State University at Kent,51800,1,Public
Montana State University-Northern,51700,1,Public
Slippery Rock University of Pennsylvania,51700,1,Public
Longwood University,51700,1,Public
The University of Montana,51600,1,Public
University of South Carolina-Aiken,51600,1,Public
Plymouth State University,51500,1,Public
Cameron University,51400,1,Public
Mansfield University of Pennsylvania,51400,1,Public
Coppin State University,51300,1,Public
Dakota State University,51300,1,Public
CUNY Medgar Evers College,51200,1,Public
Minnesota State University Moorhead,51100,1,Public
University of Akron Main Campus,51100,1,Public
The University of Tennessee at Chattanooga,51100,1,Public
Indiana University-Purdue University-Fort Wayne,51000,1,Public
Nicholls State University,51000,1,Public
SUNY College at Potsdam,51000,1,Public
Troy University,50900,1,Public
Fort Hays State University,50900,1,Public
University of North Carolina at Asheville,50800,1,Public
The University of Virginia's College at Wise,50800,1,Public
Southeast Missouri State University,50700,1,Public
Appalachian State University,50700,1,Public
North Carolina A & T State University,50700,1,Public
Middle Tennessee State University,50700,1,Public
University of North Alabama,50600,1,Public
Fort Lewis College,50600,1,Public
Valdosta State University,50600,1,Public
Bemidji State University,50600,1,Public
Macon State College,50500,1,Public
Indiana State University,50500,1,Public
Athens State University,50400,1,Public
Southern Arkansas University Main Campus,50400,1,Public
The University of West Florida,50400,1,Public
University of West Georgia,50400,1,Public
Northern Kentucky University,50300,1,Public
University of South Carolina-Upstate,50300,1,Public
University of Hawaii at Hilo,50200,1,Public
Valley City State University,50200,1,Public
Youngstown State University,50200,1,Public
Coastal Carolina University,50200,1,Public
Georgia Southwestern State University,50100,1,Public
Mississippi University for Women,50100,1,Public
Delaware State University,50000,1,Public
Massachusetts College of Liberal Arts,50000,1,Public
Northern Michigan University,50000,1,Public
University of North Carolina at Greensboro,50000,1,Public
University of Arkansas at Little Rock,49800,1,Public
Arkansas Tech University,49800,1,Public
Murray State University,49800,1,Public
Prairie View A & M University,49800,1,Public
Virginia State University,49800,1,Public
Columbus State University,49600,1,Public
Indiana University-Kokomo,49600,1,Public
Fairmont State University,49600,1,Public
Montana State University-Billings,49500,1,Public
Oklahoma Panhandle State University,49500,1,Public
Clarion University of Pennsylvania,49500,1,Public
Augusta State University,49400,1,Public
Southeastern Louisiana University,49200,1,Public
Austin Peay State University,49200,1,Public
Delta State University,49000,1,Public
Western New Mexico University,49000,1,Public
Western Kentucky University,48900,1,Public
University of North Carolina School of the Arts,48900,1,Public
Western Carolina University,48900,1,Public
Texas A & M University-Commerce,48900,1,Public
Sul Ross State University,48900,1,Public
Massachusetts College of Art and Design,48800,1,Public
Winston-Salem State University,48800,1,Public
Castleton State College,48800,1,Public
Black Hills State University,48700,1,Public
Norfolk State University,48600,1,Public
University of West Alabama,48500,1,Public
University of Southern Indiana,48500,1,Public
Peru State College,48500,1,Public
Northeastern State University,48500,1,Public
Henderson State University,48300,1,Public
Lincoln University of Pennsylvania,48300,1,Public
East Tennessee State University,48300,1,Public
Eastern Kentucky University,48200,1,Public
The University of Tennessee-Martin,48200,1,Public
The Evergreen State College,48000,1,Public
Wayne State College,47900,1,Public
East Central University,47900,1,Public
Edinboro University of Pennsylvania,47800,1,Public
Shawnee State University,47700,1,Public
Jacksonville State University,47500,1,Public
Southern University and A & M College,47500,1,Public
Winthrop University,47500,1,Public
University of Wisconsin-Superior,47400,1,Public
Indiana University-Southeast,47300,1,Public
Texas Southern University,47300,1,Public
Lewis-Clark State College,47200,1,Public
Emporia State University,47200,1,Public
Lander University,47200,1,Public
Arkansas State University-Main Campus,47100,1,Public
Alabama A & M University,47000,1,Public
Texas A & M University-Texarkana,46900,1,Public
Southwest Minnesota State University,46800,1,Public
New Mexico Highlands University,46800,1,Public
Southeastern Oklahoma State University,46800,1,Public
University of Montevallo,46600,1,Public
Adams State College,46600,1,Public
Granite State College,46600,1,Public
Indiana University-South Bend,46500,1,Public
West Liberty University,46500,1,Public
Francis Marion University,46400,1,Public
University of South Carolina-Beaufort,46400,1,Public
Auburn University at Montgomery,46300,1,Public
Savannah State University,46200,1,Public
Concord University,46200,1,Public
Glenville State College,46200,1,Public
University of Maine at Fort Kent,45800,1,Public
Missouri Southern State University,45800,1,Public
Missouri Western State University,45800,1,Public
Louisiana State University-Alexandria,45700,1,Public
Bluefield State College,45700,1,Public
University of the Virgin Islands,45500,1,Public
Albany State University,45400,1,Public
Morehead State University,45400,1,Public
The University of Montana-Western,45200,1,Public
The University of Texas at Brownsville,45200,1,Public
Northern State University,45100,1,Public
Mayville State University,45000,1,Public
Johnson State College,45000,1,Public
Lyndon State College,44900,1,Public
Langston University,44700,1,Public
University of Arkansas-Fort Smith,44500,1,Public
Eastern New Mexico University-Main Campus,44300,1,Public
Indiana University-East,44200,1,Public
North Carolina Central University,44200,1,Public
South Carolina State University,44200,1,Public
Grambling State University,44100,1,Public
University of North Carolina at Pembroke,44100,1,Public
Alcorn State University,44000,1,Public
University of Science and Arts of Oklahoma,44000,1,Public
University of Maine at Farmington,43500,1,Public
West Virginia State University,43500,1,Public
Jackson State University,43000,1,Public
Columbia College,43000,1,Public
University of Guam,42900,1,Public
Southern University at New Orleans,42400,1,Public
Cheyney University of Pennsylvania,42400,1,Public
Fayetteville State University,42300,1,Public
Alabama State University,42200,1,Public
Fort Valley State University,42100,1,Public
Elizabeth City State University,41600,1,Public
University of Arkansas at Pine Bluff,40900,1,Public
Harris-Stowe State University,40600,1,Public
Kentucky State University,40000,1,Public
University of Maine at Augusta,39900,1,Public
University of Maine at Presque Isle,39400,1,Public
University of Maine at Machias,37400,1,Public
Central State University,36300,1,Public
Mississippi Valley State University,33600,1,Public
Rosalind Franklin University of Medicine and Science,250000,2,Private Non Profit
Harvard University,170100,2,Private Non Profit
Midwestern University-Glendale,151900,2,Private Non Profit
Massachusetts Institute of Technology,140300,2,Private Non Profit
Samuel Merritt University,138800,2,Private Non Profit
Massachusetts College of Pharmacy and Health Sciences,138300,2,Private Non Profit
Albany College of Pharmacy and Health Sciences,137800,2,Private Non Profit
Stanford University,137100,2,Private Non Profit
Georgetown University,136500,2,Private Non Profit
Princeton University,134800,2,Private Non Profit
Rush University,131100,2,Private Non Profit
Duke University,129500,2,Private Non Profit
University of Pennsylvania,129500,2,Private Non Profit
California Institute of Technology,125400,2,Private Non Profit
Babson College,124700,2,Private Non Profit
University of the Sciences,124400,2,Private Non Profit
Columbia University in the City of New York,121300,2,Private Non Profit
Dartmouth College,119600,2,Private Non Profit
Yale University,116600,2,Private Non Profit
University of the Pacific,116100,2,Private Non Profit
Carnegie Mellon University,111900,2,Private Non Profit
Cornell University,111100,2,Private Non Profit
University of Chicago,110500,2,Private Non Profit
Washington and Lee University,108400,2,Private Non Profit
Charles R Drew University of Medicine and Science,107800,2,Private Non Profit
Claremont McKenna College,107800,2,Private Non Profit
Harvey Mudd College,106800,2,Private Non Profit
Stevens Institute of Technology,105300,2,Private Non Profit
Lehigh University,104900,2,Private Non Profit
Tufts University,104000,2,Private Non Profit
Rensselaer Polytechnic Institute,103400,2,Private Non Profit
University of Notre Dame,103000,2,Private Non Profit
Johns Hopkins University,102800,2,Private Non Profit
Boston College,100200,2,Private Non Profit
Northwestern University,99400,2,Private Non Profit
Bentley University,99400,2,Private Non Profit
Santa Clara University,99200,2,Private Non Profit
University of Southern California,99000,2,Private Non Profit
Villanova University,99000,2,Private Non Profit
Thomas Jefferson University,98900,2,Private Non Profit
Loma Linda University,98700,2,Private Non Profit
Williams College,97000,2,Private Non Profit
Worcester Polytechnic Institute,96600,2,Private Non Profit
Washington University in St Louis,96600,2,Private Non Profit
Bucknell University,96400,2,Private Non Profit
Polytechnic Institute of New York University,96200,2,Private Non Profit
Ohio Northern University,96200,2,Private Non Profit
George Washington University,96100,2,Private Non Profit
Rice University,95600,2,Private Non Profit
Rose-Hulman Institute of Technology,95500,2,Private Non Profit
Case Western Reserve University,95100,2,Private Non Profit
Pepperdine University,94600,2,Private Non Profit
Golden Gate University-San Francisco,94300,2,Private Non Profit
Brown University,94000,2,Private Non Profit
Fairfield University,93700,2,Private Non Profit
Wake Forest University,93600,2,Private Non Profit
University of San Francisco,92800,2,Private Non Profit
Drake University,92800,2,Private Non Profit
Lafayette College,92800,2,Private Non Profit
Vanderbilt University,92700,2,Private Non Profit
College of the Holy Cross,92200,2,Private Non Profit
Cooper Union for the Advancement of Science and Art,91700,2,Private Non Profit
Illinois Institute of Technology,91400,2,Private Non Profit
Kettering University,91000,2,Private Non Profit
Emory University,90800,2,Private Non Profit
Amherst College,90300,2,Private Non Profit
University of Richmond,90300,2,Private Non Profit
New York University,90200,2,Private Non Profit
Colgate University,89900,2,Private Non Profit
Brigham Young University-Provo,89700,2,Private Non Profit
Saint Marys College of California,89400,2,Private Non Profit
Davidson College,87900,2,Private Non Profit
Creighton University,87300,2,Private Non Profit
Clarkson University,87000,2,Private Non Profit
University of Rochester,86900,2,Private Non Profit
Loyola University Maryland,86700,2,Private Non Profit
Hamilton College,85900,2,Private Non Profit
Manhattan College,85600,2,Private Non Profit
Union College,85400,2,Private Non Profit
Boston University,85100,2,Private Non Profit
Art Center College of Design,85000,2,Private Non Profit
Butler University,84900,2,Private Non Profit
Monterey Institute of International Studies,84800,2,Private Non Profit
Middlebury College,84800,2,Private Non Profit
Embry-Riddle Aeronautical University-Prescott,84500,2,Private Non Profit
Embry-Riddle Aeronautical University-Daytona Beach,84500,2,Private Non Profit
Northeastern University,84500,2,Private Non Profit
Embry-Riddle Aeronautical University-Worldwide,84500,2,Private Non Profit
Capitol College,84100,2,Private Non Profit
Molloy College,84100,2,Private Non Profit
Pace University-New York,84000,2,Private Non Profit
Drexel University,84000,2,Private Non Profit
Tulane University of Louisiana,83300,2,Private Non Profit
Trinity College,82900,2,Private Non Profit
Brandeis University,82700,2,Private Non Profit
Barnard College,82000,2,Private Non Profit
Bryant University,81900,2,Private Non Profit
Xavier University of Louisiana,81700,2,Private Non Profit
Loyola Marymount University,81600,2,Private Non Profit
University of San Diego,81600,2,Private Non Profit
Providence College,81400,2,Private Non Profit
Milwaukee School of Engineering,81200,2,Private Non Profit
American University,81100,2,Private Non Profit
Duquesne University,81000,2,Private Non Profit
Wellesley College,80500,2,Private Non Profit
Bowdoin College,80300,2,Private Non Profit
Stonehill College,80100,2,Private Non Profit
Fordham University,80100,2,Private Non Profit
Southern Methodist University,80100,2,Private Non Profit
Rochester Institute of Technology,80000,2,Private Non Profit
Yeshiva University,80000,2,Private Non Profit
Saint Joseph's University,79800,2,Private Non Profit
Alliant International University,79600,2,Private Non Profit
St John's University-New York,79600,2,Private Non Profit
Syracuse University,79500,2,Private Non Profit
Muhlenberg College,79100,2,Private Non Profit
Western New England University,78800,2,Private Non Profit
Menlo College,78600,2,Private Non Profit
University of Scranton,78500,2,Private Non Profit
Seton Hall University,78400,2,Private Non Profit
Trinity University,78400,2,Private Non Profit
Marquette University,78200,2,Private Non Profit
Mount St. Mary's College,77900,2,Private Non Profit
University of Miami,77800,2,Private Non Profit
Haverford College,77800,2,Private Non Profit
Quinnipiac University,77600,2,Private Non Profit
Dominican University of California,77500,2,Private Non Profit
University of Denver,77400,2,Private Non Profit
Catholic University of America,77400,2,Private Non Profit
Wentworth Institute of Technology,77400,2,Private Non Profit
Seattle University,77400,2,Private Non Profit
Franklin and Marshall College,77300,2,Private Non Profit
Saint Johns University,77000,2,Private Non Profit
Rhodes College,77000,2,Private Non Profit
Illinois Wesleyan University,76600,2,Private Non Profit
Bates College,76500,2,Private Non Profit
LeTourneau University,76500,2,Private Non Profit
Lawrence Technological University,76200,2,Private Non Profit
Saint Louis University-Main Campus,76200,2,Private Non Profit
Regis University,76100,2,Private Non Profit
Hampden-Sydney College,76100,2,Private Non Profit
Pacific Union College,75800,2,Private Non Profit
Pomona College,75500,2,Private Non Profit
New York Institute of Technology,75500,2,Private Non Profit
Siena College,75500,2,Private Non Profit
Hofstra University,75300,2,Private Non Profit
Wagner College,75300,2,Private Non Profit
Bellevue University,75200,2,Private Non Profit
John Brown University,74800,2,Private Non Profit
University of Dayton,74800,2,Private Non Profit
Marist College,74500,2,Private Non Profit
Samford University,74400,2,Private Non Profit
Gonzaga University,74400,2,Private Non Profit
Colby College,74300,2,Private Non Profit
Saint Joseph's College-New York,74300,2,Private Non Profit
City University of Seattle,74200,2,Private Non Profit
University of St Thomas,74100,2,Private Non Profit
Swarthmore College,74100,2,Private Non Profit
Florida Institute of Technology,74000,2,Private Non Profit
Notre Dame de Namur University,73900,2,Private Non Profit
Sacred Heart University,73900,2,Private Non Profit
Saint Anselm College,73900,2,Private Non Profit
Bradley University,73800,2,Private Non Profit
DePaul University,73600,2,Private Non Profit
Cleary University,73600,2,Private Non Profit
Mercer University,73500,2,Private Non Profit
Albertus Magnus College,73400,2,Private Non Profit
Linfield College-McMinnville Campus,73400,2,Private Non Profit
Linfield College-Nursing & Health Sciences,73400,2,Private Non Profit
Linfield College-Adult Degree Program,73400,2,Private Non Profit
La Salle University,73300,2,Private Non Profit
College of Mount Saint Vincent,73200,2,Private Non Profit
Wilkes University,73100,2,Private Non Profit
University of Redlands,72800,2,Private Non Profit
Bryn Mawr College,72800,2,Private Non Profit
Dickinson College,72800,2,Private Non Profit
Gettysburg College,72600,2,Private Non Profit
California Lutheran University,72500,2,Private Non Profit
Adelphi University,72400,2,Private Non Profit
University of Portland,72300,2,Private Non Profit
National University,72200,2,Private Non Profit
Merrimack College,72000,2,Private Non Profit
Wesleyan University,71900,2,Private Non Profit
Mount St Mary's University,71900,2,Private Non Profit
D'Youville College,71800,2,Private Non Profit
University of La Verne,71700,2,Private Non Profit
Texas Christian University,71600,2,Private Non Profit
Drew University,71500,2,Private Non Profit
Iona College,71500,2,Private Non Profit
Dominican College of Blauvelt,71400,2,Private Non Profit
St. Francis College,71400,2,Private Non Profit
Nova Southeastern University,71300,2,Private Non Profit
Washington Adventist University,71300,2,Private Non Profit
King's College,71300,2,Private Non Profit
Ursinus College,71300,2,Private Non Profit
Jefferson College of Health Sciences,71200,2,Private Non Profit
Washington & Jefferson College,71100,2,Private Non Profit
Barnes-Jewish College Goldfarb School of Nursing,71000,2,Private Non Profit
Wabash College,70900,2,Private Non Profit
Walsh College of Accountancy and Business Administration,70900,2,Private Non Profit
Holy Names University,70700,2,Private Non Profit
Gwynedd Mercy College,70700,2,Private Non Profit
Widener University-Main Campus,70700,2,Private Non Profit
Widener University-Delaware Campus,70700,2,Private Non Profit
Stevenson University,70600,2,Private Non Profit
John Carroll University,70600,2,Private Non Profit
University of Puget Sound,70600,2,Private Non Profit
Point Loma Nazarene University,70500,2,Private Non Profit
Suffolk University,70500,2,Private Non Profit
Long Island University-Brooklyn Campus,70500,2,Private Non Profit
Long Island University-C W Post Campus,70500,2,Private Non Profit
Long Island University-Brentwood Campus,70500,2,Private Non Profit
Marymount University,70500,2,Private Non Profit
Long Island University-Riverhead Campus,70500,2,Private Non Profit
DePauw University,70400,2,Private Non Profit
Baylor University,70400,2,Private Non Profit
Cardinal Stritch University,70300,2,Private Non Profit
Loyola University-Chicago,70100,2,Private Non Profit
College of Biblical Studies-Houston,70000,2,Private Non Profit
Otis College of Art and Design,69900,2,Private Non Profit
Allegheny College,69800,2,Private Non Profit
Baptist Memorial College of Health Sciences,69800,2,Private Non Profit
Vassar College,69700,2,Private Non Profit
Assumption College,69600,2,Private Non Profit
Azusa Pacific University,69500,2,Private Non Profit
Denison University,69500,2,Private Non Profit
Ithaca College,69400,2,Private Non Profit
Howard University,69200,2,Private Non Profit
Franklin University,69200,2,Private Non Profit
Gannon University,69200,2,Private Non Profit
Occidental College,69100,2,Private Non Profit
Jacksonville University,69100,2,Private Non Profit
Connecticut College,69000,2,Private Non Profit
Trinity Washington University,69000,2,Private Non Profit
Southern Nazarene University,69000,2,Private Non Profit
Simmons College,68900,2,Private Non Profit
Chapman University,68800,2,Private Non Profit
University of St Thomas,68500,2,Private Non Profit
Baker University,68400,2,Private Non Profit
The College of Saint Scholastica,68400,2,Private Non Profit
Hobart William Smith Colleges,68400,2,Private Non Profit
Immaculata University,68400,2,Private Non Profit
Lewis University,68300,2,Private Non Profit
Indiana Wesleyan University,68300,2,Private Non Profit
Kalamazoo College,68300,2,Private Non Profit
Mount Carmel College of Nursing,68300,2,Private Non Profit
Furman University,68300,2,Private Non Profit
Benedictine University,68200,2,Private Non Profit
Gustavus Adolphus College,68200,2,Private Non Profit
Rockhurst University,68200,2,Private Non Profit
Westmont College,68000,2,Private Non Profit
Hawaii Pacific University,68000,2,Private Non Profit
Xavier University,68000,2,Private Non Profit
Willamette University,68000,2,Private Non Profit
Southwestern University,68000,2,Private Non Profit
Westminster College,68000,2,Private Non Profit
Washington College,67900,2,Private Non Profit
Concordia University-Saint Paul,67900,2,Private Non Profit
Campbell University,67900,2,Private Non Profit
University of New Haven,67800,2,Private Non Profit
Mount Saint Mary College,67800,2,Private Non Profit
Walla Walla University,67800,2,Private Non Profit
Valparaiso University,67700,2,Private Non Profit
Augustana College,67600,2,Private Non Profit
DeSales University,67600,2,Private Non Profit
Albright College,67400,2,Private Non Profit
Grinnell College,67300,2,Private Non Profit
Curry College,67200,2,Private Non Profit
Saint Thomas Aquinas College,67200,2,Private Non Profit
Susquehanna University,67200,2,Private Non Profit
National Louis University,67100,2,Private Non Profit
Dowling College,67100,2,Private Non Profit
Rhode Island School of Design,67100,2,Private Non Profit
Florida Hospital College of Health Sciences,67000,2,Private Non Profit
University of Tulsa,67000,2,Private Non Profit
Woodbury University,66900,2,Private Non Profit
Allen College,66900,2,Private Non Profit
Saint Francis University,66900,2,Private Non Profit
Oklahoma Wesleyan University,66800,2,Private Non Profit
Wofford College,66800,2,Private Non Profit
Austin College,66800,2,Private Non Profit
Lake Forest College,66700,2,Private Non Profit
Fairleigh Dickinson University-Metropolitan Campus,66700,2,Private Non Profit
Fairleigh Dickinson University-College at Florham,66700,2,Private Non Profit
Scripps College,66600,2,Private Non Profit
Carleton College,66600,2,Private Non Profit
Monmouth University,66500,2,Private Non Profit
Union Institute & University,66500,2,Private Non Profit
St Catherine University,66300,2,Private Non Profit
Holy Family University,66100,2,Private Non Profit
Manhattanville College,66000,2,Private Non Profit
Marietta College,65900,2,Private Non Profit
Thomas More College,65800,2,Private Non Profit
Norwich University,65700,2,Private Non Profit
Barry University,65600,2,Private Non Profit
St Lawrence University,65600,2,Private Non Profit
Moravian College and Moravian Theological Seminary,65600,2,Private Non Profit
Philadelphia University,65600,2,Private Non Profit
Seattle Pacific University,65600,2,Private Non Profit
Eastern University,65500,2,Private Non Profit
University of Hartford,65400,2,Private Non Profit
Centre College,65200,2,Private Non Profit
Ursuline College,65200,2,Private Non Profit
Christian Brothers University,65200,2,Private Non Profit
National University of Health Sciences,65100,2,Private Non Profit
Notre Dame of Maryland University,65100,2,Private Non Profit
College of Saint Benedict,65100,2,Private Non Profit
Emerson College,64800,2,Private Non Profit
Waynesburg University,64800,2,Private Non Profit
Saint Edward's University,64800,2,Private Non Profit
Wheaton College,64700,2,Private Non Profit
Roger Williams University,64700,2,Private Non Profit
Elmhurst College,64500,2,Private Non Profit
Saint Xavier University,64400,2,Private Non Profit
Smith College,64400,2,Private Non Profit
Misericordia University,64400,2,Private Non Profit
Salve Regina University,64400,2,Private Non Profit
La Sierra University,64300,2,Private Non Profit
Morehouse College,64200,2,Private Non Profit
Spelman College,64200,2,Private Non Profit
Bethel University,64200,2,Private Non Profit
Rosemont College,64200,2,Private Non Profit
Northwood University-Florida,64100,2,Private Non Profit
Northwood University-Michigan,64100,2,Private Non Profit
York College Pennsylvania,64100,2,Private Non Profit
Northwood University-Texas,64100,2,Private Non Profit
Saint Michael's College,64100,2,Private Non Profit
Whittier College,64000,2,Private Non Profit
Macalester College,64000,2,Private Non Profit
Park University,64000,2,Private Non Profit
Saint Joseph College,63900,2,Private Non Profit
Saint Thomas University,63900,2,Private Non Profit
Saint Ambrose University,63900,2,Private Non Profit
The University of Tampa,63800,2,Private Non Profit
University of St Francis,63800,2,Private Non Profit
Elon University,63800,2,Private Non Profit
Whitman College,63800,2,Private Non Profit
The New School,63700,2,Private Non Profit
Skidmore College,63700,2,Private Non Profit
Everglades University,63700,2,Private Non Profit
Saint Leo University,63600,2,Private Non Profit
Palmer College of Chiropractic-Davenport,63600,2,Private Non Profit
Caldwell College,63600,2,Private Non Profit
Rider University,63500,2,Private Non Profit
Hartwick College,63500,2,Private Non Profit
Pacific Lutheran University,63500,2,Private Non Profit
Eastern Nazarene College,63400,2,Private Non Profit
Hamline University,63400,2,Private Non Profit
St Olaf College,63400,2,Private Non Profit
Elizabethtown College,63400,2,Private Non Profit
Saint Martin's University,63400,2,Private Non Profit
Concordia University-Irvine,63300,2,Private Non Profit
Oglethorpe University,63300,2,Private Non Profit
Goucher College,63300,2,Private Non Profit
University of Mary,63300,2,Private Non Profit
McDaniel College,63200,2,Private Non Profit
Nichols College,63200,2,Private Non Profit
Northwestern Health Sciences University,63200,2,Private Non Profit
Le Moyne College,63200,2,Private Non Profit
California College of the Arts,63100,2,Private Non Profit
Indiana Institute of Technology,63100,2,Private Non Profit
Centenary College,63100,2,Private Non Profit
Alderson Broaddus College,63100,2,Private Non Profit
The Master's College and Seminary,63000,2,Private Non Profit
George Fox University,63000,2,Private Non Profit
Cedar Crest College,62900,2,Private Non Profit
Averett University,62900,2,Private Non Profit
Averett University-Non-Traditional Programs,62900,2,Private Non Profit
Shorter University,62800,2,Private Non Profit
Clark University,62800,2,Private Non Profit
Maryville University of Saint Louis,62800,2,Private Non Profit
Shorter University-College of Adult & Professional Programs,62800,2,Private Non Profit
Roosevelt University,62700,2,Private Non Profit
Saint Mary's College,62700,2,Private Non Profit
Bellarmine University,62700,2,Private Non Profit
Pitzer College,62500,2,Private Non Profit
Springfield College,62500,2,Private Non Profit
Brigham Young University-Hawaii,62500,2,Private Non Profit
Wheeling Jesuit University,62500,2,Private Non Profit
Springfield College-School of Human Services,62500,2,Private Non Profit
Biola University,62400,2,Private Non Profit
Saint Peter's College,62400,2,Private Non Profit
Alfred University,62400,2,Private Non Profit
Spring Hill College,62300,2,Private Non Profit
Southern Wesleyan University,62300,2,Private Non Profit
University of New England,62100,2,Private Non Profit
American International College,62100,2,Private Non Profit
The College of Wooster,62100,2,Private Non Profit
Brigham Young University-Idaho,62000,2,Private Non Profit
Millsaps College,62000,2,Private Non Profit
Albion College,61900,2,Private Non Profit
Arcadia University,61900,2,Private Non Profit
Cabrini College,61900,2,Private Non Profit
Randolph-Macon College,61900,2,Private Non Profit
Concordia College-New York,61800,2,Private Non Profit
Robert Morris University,61800,2,Private Non Profit
Bluefield College,61800,2,Private Non Profit
University of Bridgeport,61700,2,Private Non Profit
Friends University,61700,2,Private Non Profit
Kenyon College,61700,2,Private Non Profit
Sewanee-The University of the South,61700,2,Private Non Profit
Eckerd College,61600,2,Private Non Profit
Wheaton College,61600,2,Private Non Profit
The Juilliard School,61600,2,Private Non Profit
Peirce College,61600,2,Private Non Profit
St. Mary's University,61600,2,Private Non Profit
Emmanuel College,61400,2,Private Non Profit
Augsburg College,61400,2,Private Non Profit
North Central College,61300,2,Private Non Profit
Dominican University,61300,2,Private Non Profit
Nebraska Methodist College of Nursing & Allied Health,61300,2,Private Non Profit
Loyola University-New Orleans,61200,2,Private Non Profit
Nebraska Wesleyan University,61200,2,Private Non Profit
Calumet College of Saint Joseph,61100,2,Private Non Profit
Pratt Institute-Main,61000,2,Private Non Profit
Juniata College,61000,2,Private Non Profit
University of Detroit Mercy,60900,2,Private Non Profit
Hampton University,60900,2,Private Non Profit
Lewis & Clark College,60800,2,Private Non Profit
Cleveland Chiropractic College,60700,2,Private Non Profit
Utica College,60700,2,Private Non Profit
Mountain State University,60700,2,Private Non Profit
Saint Norbert College,60700,2,Private Non Profit
Simpson College,60600,2,Private Non Profit
Lebanon Valley College,60600,2,Private Non Profit
Birmingham Southern College,60500,2,Private Non Profit
Alma College,60500,2,Private Non Profit
Nyack College,60500,2,Private Non Profit
Saint Vincent College,60500,2,Private Non Profit
Alaska Pacific University,60400,2,Private Non Profit
McKendree University,60400,2,Private Non Profit
Delaware Valley College,60400,2,Private Non Profit
Northwest University,60400,2,Private Non Profit
California Institute of the Arts,60300,2,Private Non Profit
Stetson University,60300,2,Private Non Profit
Warner University,60300,2,Private Non Profit
Southern New Hampshire University,60300,2,Private Non Profit
Daemen College,60300,2,Private Non Profit
The University of Findlay,60300,2,Private Non Profit
Hood College,60200,2,Private Non Profit
Montreat College,60200,2,Private Non Profit
Baldwin-Wallace College,60200,2,Private Non Profit
Cedarville University,60200,2,Private Non Profit
Westminster College,60100,2,Private Non Profit
Carroll College,60100,2,Private Non Profit
BryanLGH College of Health Sciences,60100,2,Private Non Profit
College of Saint Elizabeth,60000,2,Private Non Profit
Tuskegee University,59900,2,Private Non Profit
Vanguard University of Southern California,59900,2,Private Non Profit
College for Creative Studies,59900,2,Private Non Profit
Saint John Fisher College,59900,2,Private Non Profit
Goldey-Beacom College,59800,2,Private Non Profit
Saint Bonaventure University,59800,2,Private Non Profit
Walsh University,59700,2,Private Non Profit
Georgetown College,59600,2,Private Non Profit
Mount Holyoke College,59600,2,Private Non Profit
Trine University,59500,2,Private Non Profit
Saint Mary's University of Minnesota,59500,2,Private Non Profit
Felician College,59500,2,Private Non Profit
Chestnut Hill College,59500,2,Private Non Profit
Trine University-Regional/Non-Traditional Campuses,59500,2,Private Non Profit
Mills College,59400,2,Private Non Profit
Knox College,59400,2,Private Non Profit
Houston Baptist University,59400,2,Private Non Profit
Rollins College,59300,2,Private Non Profit
Roanoke College,59300,2,Private Non Profit
Carthage College,59300,2,Private Non Profit
Colorado Christian University,59100,2,Private Non Profit
Millikin University,59100,2,Private Non Profit
College of Our Lady of the Elms,59000,2,Private Non Profit
Hiram College,59000,2,Private Non Profit
Concordia University-Portland,59000,2,Private Non Profit
Carroll University,59000,2,Private Non Profit
Endicott College,58900,2,Private Non Profit
Clarkson College,58900,2,Private Non Profit
King College,58900,2,Private Non Profit
University of the Incarnate Word,58900,2,Private Non Profit
Whitworth University,58900,2,Private Non Profit
Whitworth University-Adult Degree Programs,58900,2,Private Non Profit
Regis College,58800,2,Private Non Profit
Ohio Wesleyan University,58800,2,Private Non Profit
Neumann University,58800,2,Private Non Profit
Viterbo University,58800,2,Private Non Profit
Covenant College,58700,2,Private Non Profit
Spalding University,58700,2,Private Non Profit
Hope College,58700,2,Private Non Profit
Canisius College,58700,2,Private Non Profit
Mid-America Christian University,58700,2,Private Non Profit
Hanover College,58600,2,Private Non Profit
MidAmerica Nazarene University,58600,2,Private Non Profit
Calvin College,58600,2,Private Non Profit
Lipscomb University,58600,2,Private Non Profit
Lynchburg College,58600,2,Private Non Profit
California Baptist University,58400,2,Private Non Profit
Wesley College,58400,2,Private Non Profit
Loras College,58400,2,Private Non Profit
Bay Path College,58400,2,Private Non Profit
Westminster College,58400,2,Private Non Profit
University of Dallas,58400,2,Private Non Profit
Shenandoah University,58400,2,Private Non Profit
The College of Idaho,58300,2,Private Non Profit
Concordia University-Chicago,58300,2,Private Non Profit
North Park University,58300,2,Private Non Profit
University of Evansville,58300,2,Private Non Profit
Wartburg College,58300,2,Private Non Profit
Mid-Continent University,58300,2,Private Non Profit
Elmira College,58300,2,Private Non Profit
Messiah College,58300,2,Private Non Profit
Wayland Baptist University,58300,2,Private Non Profit
Marymount Manhattan College,58200,2,Private Non Profit
Oberlin College,58200,2,Private Non Profit
Marylhurst University,58100,2,Private Non Profit
Tusculum College,58100,2,Private Non Profit
Dallas Baptist University,58100,2,Private Non Profit
Centenary College of Louisiana,58000,2,Private Non Profit
Webster University,58000,2,Private Non Profit
Luther College,57900,2,Private Non Profit
Rivier College,57900,2,Private Non Profit
Pacific University,57900,2,Private Non Profit
Reed College,57900,2,Private Non Profit
Texas Lutheran University,57900,2,Private Non Profit
Concordia University-Wisconsin,57900,2,Private Non Profit
Cornell College,57600,2,Private Non Profit
Transylvania University,57600,2,Private Non Profit
Logan University,57600,2,Private Non Profit
Georgian Court University,57600,2,Private Non Profit
Otterbein University,57600,2,Private Non Profit
Presbyterian College,57500,2,Private Non Profit
Brenau University,57400,2,Private Non Profit
Bloomfield College,57400,2,Private Non Profit
University of Charleston,57400,2,Private Non Profit
Mount Vernon Nazarene University,57300,2,Private Non Profit
Augustana College,57300,2,Private Non Profit
Aurora University,57200,2,Private Non Profit
Marian University,57200,2,Private Non Profit
Hodges University,57200,2,Private Non Profit
Lynn University,57100,2,Private Non Profit
Mount Mercy University,57100,2,Private Non Profit
Concordia College at Moorhead,57100,2,Private Non Profit
Lycoming College,57100,2,Private Non Profit
Southern Adventist University,57100,2,Private Non Profit
Mercy College,57000,2,Private Non Profit
Coe College,56900,2,Private Non Profit
Spring Arbor University,56900,2,Private Non Profit
Bridgewater College,56900,2,Private Non Profit
West Virginia Wesleyan College,56900,2,Private Non Profit
Colorado College,56800,2,Private Non Profit
William Penn University,56800,2,Private Non Profit
Avila University,56800,2,Private Non Profit
Doane College-Crete,56800,2,Private Non Profit
Roberts Wesleyan College,56800,2,Private Non Profit
Oklahoma City University,56800,2,Private Non Profit
Doane College-Lincoln Grand Island and Master,56800,2,Private Non Profit
Trinity International University-Florida,56700,2,Private Non Profit
Life University,56700,2,Private Non Profit
Trinity International University-Illinois,56700,2,Private Non Profit
Concordia University-Texas,56700,2,Private Non Profit
Faulkner University,56600,2,Private Non Profit
Hendrix College,56600,2,Private Non Profit
Wilmington University,56600,2,Private Non Profit
Niagara University,56600,2,Private Non Profit
Wittenberg University,56600,2,Private Non Profit
Belmont University,56500,2,Private Non Profit
Abilene Christian University,56500,2,Private Non Profit
University of Mary Hardin-Baylor,56500,2,Private Non Profit
Lawrence University,56500,2,Private Non Profit
Rocky Mountain College,56400,2,Private Non Profit
Concordia University-Ann Arbor,56300,2,Private Non Profit
Alvernia University,56300,2,Private Non Profit
Ringling College of Art and Design,56200,2,Private Non Profit
Central College,56200,2,Private Non Profit
University of the Southwest,56200,2,Private Non Profit
Amridge University,56100,2,Private Non Profit
University of Saint Francis-Fort Wayne,56100,2,Private Non Profit
Metropolitan College of New York,56100,2,Private Non Profit
Mount Olive College,56100,2,Private Non Profit
Hilbert College,56000,2,Private Non Profit
Capital University,56000,2,Private Non Profit
Bethany College,56000,2,Private Non Profit
Fontbonne University,55900,2,Private Non Profit
University of Mount Union,55900,2,Private Non Profit
William Jewell College,55800,2,Private Non Profit
Northwest Christian University,55800,2,Private Non Profit
Dallas Christian College,55800,2,Private Non Profit
Fresno Pacific University,55700,2,Private Non Profit
Lasell College,55700,2,Private Non Profit
Lindenwood University,55700,2,Private Non Profit
Keuka College,55700,2,Private Non Profit
Notre Dame College,55700,2,Private Non Profit
Corban University,55700,2,Private Non Profit
Eastern Mennonite University,55600,2,Private Non Profit
Harding University,55500,2,Private Non Profit
Trinity Christian College,55500,2,Private Non Profit
University of Indianapolis,55500,2,Private Non Profit
Dordt College,55500,2,Private Non Profit
Clarke University,55400,2,Private Non Profit
Madonna University,55400,2,Private Non Profit
Belmont Abbey College,55400,2,Private Non Profit
Guilford College,55400,2,Private Non Profit
Union University,55400,2,Private Non Profit
Southwestern Adventist University,55400,2,Private Non Profit
Alverno College,55400,2,Private Non Profit
University of Mobile,55300,2,Private Non Profit
Ottawa University-Phoenix,55300,2,Private Non Profit
Savannah College of Art and Design,55300,2,Private Non Profit
Upper Iowa University,55300,2,Private Non Profit
Ottawa University-Ottawa,55300,2,Private Non Profit
Ottawa University-Kansas City,55300,2,Private Non Profit
Mississippi College,55300,2,Private Non Profit
Trevecca Nazarene University,55300,2,Private Non Profit
Ottawa University-Milwaukee,55300,2,Private Non Profit
Ottawa University-Jeffersonville,55300,2,Private Non Profit
Ottawa University-Online,55300,2,Private Non Profit
Judson University,55200,2,Private Non Profit
Holy Cross College,55200,2,Private Non Profit
University of Saint Mary,55200,2,Private Non Profit
Our Lady of Holy Cross College,55200,2,Private Non Profit
Midland University,55200,2,Private Non Profit
Mount Aloysius College,55200,2,Private Non Profit
Edgewood College,55200,2,Private Non Profit
Anna Maria College,55100,2,Private Non Profit
Sarah Lawrence College,55100,2,Private Non Profit
Malone University,55100,2,Private Non Profit
Ripon College,55100,2,Private Non Profit
Husson University,55000,2,Private Non Profit
Beth Medrash Govoha,55000,2,Private Non Profit
Nazareth College,55000,2,Private Non Profit
Methodist University,55000,2,Private Non Profit
Queens University of Charlotte,55000,2,Private Non Profit
Adrian College,54900,2,Private Non Profit
Medaille College,54900,2,Private Non Profit
Tiffin University,54900,2,Private Non Profit
Palm Beach Atlantic University-West Palm Beach,54800,2,Private Non Profit
Taylor University,54800,2,Private Non Profit
Geneva College,54800,2,Private Non Profit
Point Park University,54800,2,Private Non Profit
Webber International University,54700,2,Private Non Profit
Bethany College,54700,2,Private Non Profit
St. Andrews University,54700,2,Private Non Profit
Antioch University-Los Angeles,54700,2,Private Non Profit
Antioch University-Santa Barbara,54700,2,Private Non Profit
Antioch University-Seattle,54700,2,Private Non Profit
Antioch University-Midwest,54700,2,Private Non Profit
Andrews University,54600,2,Private Non Profit
Martin Luther College,54600,2,Private Non Profit
The Sage Colleges,54600,2,Private Non Profit
The College of Saint Rose,54600,2,Private Non Profit
Champlain College,54600,2,Private Non Profit
Houghton College,54500,2,Private Non Profit
High Point University,54500,2,Private Non Profit
Hardin-Simmons University,54500,2,Private Non Profit
Liberty University,54500,2,Private Non Profit
Marian University,54500,2,Private Non Profit
Western Governors University,54500,2,Private Non Profit
Quincy University,54400,2,Private Non Profit
Oklahoma Christian University,54200,2,Private Non Profit
Monmouth College,54100,2,Private Non Profit
Franklin College,54100,2,Private Non Profit
Sierra Nevada College,54100,2,Private Non Profit
Northwest Nazarene University,54000,2,Private Non Profit
Rockford College,54000,2,Private Non Profit
Benedictine College,53900,2,Private Non Profit
Jamestown College,53900,2,Private Non Profit
Mount Mary College,53900,2,Private Non Profit
Central Baptist College,53800,2,Private Non Profit
Saint Josephs College,53800,2,Private Non Profit
Briar Cliff University,53800,2,Private Non Profit
Siena Heights University,53800,2,Private Non Profit
Hastings College,53800,2,Private Non Profit
The College of New Rochelle,53800,2,Private Non Profit
Bethel University,53800,2,Private Non Profit
San Diego Christian College,53700,2,Private Non Profit
Newman University,53700,2,Private Non Profit
Randolph College,53700,2,Private Non Profit
Ouachita Baptist University,53600,2,Private Non Profit
Agnes Scott College,53600,2,Private Non Profit
Berry College,53600,2,Private Non Profit
Louisiana College,53600,2,Private Non Profit
Lakeland College,53600,2,Private Non Profit
Olivet Nazarene University,53500,2,Private Non Profit
Kentucky Wesleyan College,53500,2,Private Non Profit
Belhaven University,53500,2,Private Non Profit
Southern Virginia University,53500,2,Private Non Profit
William Jessup University,53400,2,Private Non Profit
Saint Gregorys University,53400,2,Private Non Profit
Blackburn College,53300,2,Private Non Profit
College of Mount St. Joseph,53300,2,Private Non Profit
Ohio Dominican University,53300,2,Private Non Profit
Lubbock Christian University,53300,2,Private Non Profit
Franklin Pierce University,53200,2,Private Non Profit
Carlow University,53200,2,Private Non Profit
Corcoran College of Art and Design,53100,2,Private Non Profit
Cornerstone University,53000,2,Private Non Profit
Mercyhurst College,53000,2,Private Non Profit
Emory and Henry College,53000,2,Private Non Profit
Chaminade University of Honolulu,52900,2,Private Non Profit
Southern Vermont College,52900,2,Private Non Profit
Illinois College,52800,2,Private Non Profit
Marywood University,52800,2,Private Non Profit
Rochester College,52600,2,Private Non Profit
Newbury College-Brookline,52500,2,Private Non Profit
Touro College,52500,2,Private Non Profit
Nazarene Bible College,52400,2,Private Non Profit
Bethel College-Mishawaka,52400,2,Private Non Profit
Union College,52400,2,Private Non Profit
Beloit College,52400,2,Private Non Profit
Colby-Sawyer College,52300,2,Private Non Profit
North Carolina Wesleyan College,52300,2,Private Non Profit
Pfeiffer University,52300,2,Private Non Profit
Meredith College,52200,2,Private Non Profit
Hope International University,52100,2,Private Non Profit
Greenville College,52100,2,Private Non Profit
Sweet Briar College,52100,2,Private Non Profit
Thomas University,52000,2,Private Non Profit
Manchester College,52000,2,Private Non Profit
Bard College,52000,2,Private Non Profit
Cleveland Institute of Art,52000,2,Private Non Profit
Heidelberg University,52000,2,Private Non Profit
Grand View University,51900,2,Private Non Profit
William Carey University,51900,2,Private Non Profit
Ashland University,51900,2,Private Non Profit
Defiance College,51900,2,Private Non Profit
Lourdes University,51900,2,Private Non Profit
Schreiner University,51900,2,Private Non Profit
Bastyr University,51900,2,Private Non Profit
Piedmont College,51800,2,Private Non Profit
Becker College,51800,2,Private Non Profit
Lenoir-Rhyne University,51800,2,Private Non Profit
Bryan College-Dayton,51800,2,Private Non Profit
Anderson University,51700,2,Private Non Profit
Graceland University-Lamoni,51700,2,Private Non Profit
Tabor College,51700,2,Private Non Profit
Muskingum University,51700,2,Private Non Profit
Freed-Hardeman University,51700,2,Private Non Profit
College of Saint Mary,51600,2,Private Non Profit
Lesley University,51500,2,Private Non Profit
Franciscan University of Steubenville,51500,2,Private Non Profit
Texas Wesleyan University,51500,2,Private Non Profit
Chatham University,51400,2,Private Non Profit
Johnson & Wales University-Providence,51400,2,Private Non Profit
Florida Southern College,51300,2,Private Non Profit
Earlham College,51300,2,Private Non Profit
McPherson College,51300,2,Private Non Profit
Catawba College,51300,2,Private Non Profit
Oral Roberts University,51300,2,Private Non Profit
Seton Hill University,51300,2,Private Non Profit
Aquinas College,51200,2,Private Non Profit
Wilmington College,51200,2,Private Non Profit
Limestone College,51200,2,Private Non Profit
McMurry University,51200,2,Private Non Profit
Virginia Wesleyan College,51200,2,Private Non Profit
St John's College,51100,2,Private Non Profit
LaGrange College,51000,2,Private Non Profit
Saint Joseph's College of Maine,50900,2,Private Non Profit
La Roche College,50900,2,Private Non Profit
Milligan College,50900,2,Private Non Profit
Davis & Elkins College,50900,2,Private Non Profit
Lyon College,50800,2,Private Non Profit
Pacific Oaks College,50800,2,Private Non Profit
Wesleyan College,50800,2,Private Non Profit
Bluffton University,50800,2,Private Non Profit
Our Lady of the Lake University-San Antonio,50800,2,Private Non Profit
Gardner-Webb University,50700,2,Private Non Profit
Lincoln Memorial University,50700,2,Private Non Profit
Ohio Valley University,50700,2,Private Non Profit
Culver-Stockton College,50600,2,Private Non Profit
Clark Atlanta University,50500,2,Private Non Profit
Maryland Institute College of Art,50500,2,Private Non Profit
East Texas Baptist University,50500,2,Private Non Profit
Goshen College,50300,2,Private Non Profit
Buena Vista University,50300,2,Private Non Profit
Unity College,50300,2,Private Non Profit
Columbus College of Art and Design,50300,2,Private Non Profit
Presentation College,50300,2,Private Non Profit
Howard Payne University,50300,2,Private Non Profit
Reinhardt University,50200,2,Private Non Profit
Clearwater Christian College,50100,2,Private Non Profit
Thomas College,50100,2,Private Non Profit
Maryville College,50100,2,Private Non Profit
Mary Baldwin College,50100,2,Private Non Profit
Wisconsin Lutheran College,50100,2,Private Non Profit
Oakwood University,49900,2,Private Non Profit
Berklee College of Music,49900,2,Private Non Profit
Mount Ida College,49900,2,Private Non Profit
Concordia University-Seward,49900,2,Private Non Profit
Wells College,49900,2,Private Non Profit
Eureka College,49800,2,Private Non Profit
University of Dubuque,49800,2,Private Non Profit
Bethel College-North Newton,49800,2,Private Non Profit
Cambridge College,49800,2,Private Non Profit
School of the Museum of Fine Arts-Boston,49800,2,Private Non Profit
Urbana University,49700,2,Private Non Profit
Silver Lake College of the Holy Family,49700,2,Private Non Profit
Minneapolis College of Art and Design,49600,2,Private Non Profit
Wingate University,49600,2,Private Non Profit
Ohio Christian University,49600,2,Private Non Profit
Wilberforce University,49600,2,Private Non Profit
Thiel College,49600,2,Private Non Profit
Charleston Southern University,49600,2,Private Non Profit
Oklahoma Baptist University,49500,2,Private Non Profit
Warner Pacific College,49500,2,Private Non Profit
School of the Art Institute of Chicago,49400,2,Private Non Profit
Dillard University,49400,2,Private Non Profit
Southwest Baptist University,49400,2,Private Non Profit
MacMurray College,49300,2,Private Non Profit
Midway College,49300,2,Private Non Profit
Wilson College,49300,2,Private Non Profit
Tennessee Wesleyan College,49300,2,Private Non Profit
Hollins University,49300,2,Private Non Profit
Evangel University,49200,2,Private Non Profit
Columbia College-Chicago,49100,2,Private Non Profit
University of Sioux Falls,49100,2,Private Non Profit
Maranatha Baptist Bible College,49100,2,Private Non Profit
Brescia University,49000,2,Private Non Profit
Sojourner-Douglass College,49000,2,Private Non Profit
Pine Manor College,49000,2,Private Non Profit
Olivet College,49000,2,Private Non Profit
Hampshire College,48900,2,Private Non Profit
AIB College of Business,48800,2,Private Non Profit
Morningside College,48800,2,Private Non Profit
Cumberland University,48800,2,Private Non Profit
The University of the Arts,48700,2,Private Non Profit
Wheelock College,48600,2,Private Non Profit
William Peace University,48600,2,Private Non Profit
The New England Conservatory of Music,48500,2,Private Non Profit
Moore College of Art and Design,48500,2,Private Non Profit
Carson-Newman College,48500,2,Private Non Profit
Missouri Valley College,48400,2,Private Non Profit
Simpson University,48300,2,Private Non Profit
New England College,48300,2,Private Non Profit
Heritage University,48300,2,Private Non Profit
Life Pacific College,48200,2,Private Non Profit
Chowan University,48200,2,Private Non Profit
Free Will Baptist Bible College,48200,2,Private Non Profit
Flagler College-St Augustine,48100,2,Private Non Profit
Hannibal-LaGrange University,48100,2,Private Non Profit
Flagler College-Tallahassee,48100,2,Private Non Profit
Barton College,48000,2,Private Non Profit
University of Pikeville,47900,2,Private Non Profit
College of St Joseph,47900,2,Private Non Profit
Ferrum College,47900,2,Private Non Profit
Prescott College,47800,2,Private Non Profit
Alice Lloyd College,47800,2,Private Non Profit
Drury University,47800,2,Private Non Profit
Lake Erie College,47800,2,Private Non Profit
Philadelphia Biblical University-Langhorne,47800,2,Private Non Profit
Erskine College and Seminary,47800,2,Private Non Profit
Stephens College,47700,2,Private Non Profit
Dakota Wesleyan University,47600,2,Private Non Profit
Kansas Wesleyan University,47500,2,Private Non Profit
Huntington University,47300,2,Private Non Profit
The Boston Conservatory,47200,2,Private Non Profit
Paul Smiths College of Arts and Science,47200,2,Private Non Profit
Huntingdon College,47100,2,Private Non Profit
Berea College,47100,2,Private Non Profit
Greensboro College,47100,2,Private Non Profit
Patten University,47000,2,Private Non Profit
William Woods University,47000,2,Private Non Profit
Manhattan Christian College,46900,2,Private Non Profit
Asbury University,46700,2,Private Non Profit
Bethany Lutheran College,46700,2,Private Non Profit
Crown College,46700,2,Private Non Profit
Salem College,46700,2,Private Non Profit
Fisk University,46600,2,Private Non Profit
Milwaukee Institute of Art & Design,46600,2,Private Non Profit
University of the Ozarks,46400,2,Private Non Profit
Sterling College,46400,2,Private Non Profit
St John's College,46400,2,Private Non Profit
Watkins College of Art Design & Film,46400,2,Private Non Profit
Southeastern University,46300,2,Private Non Profit
Davenport University,46300,2,Private Non Profit
Tennessee Temple University,46300,2,Private Non Profit
Iowa Wesleyan College,46200,2,Private Non Profit
Humphreys College-Stockton and Modesto Campuses,46100,2,Private Non Profit
Mitchell College,46100,2,Private Non Profit
Emmanuel College,46100,2,Private Non Profit
Multnomah University,46100,2,Private Non Profit
Central Christian College of Kansas,46000,2,Private Non Profit
Bacone College,46000,2,Private Non Profit
Truett-McConnell College,45700,2,Private Non Profit
Missouri Baptist University,45700,2,Private Non Profit
Keystone College,45700,2,Private Non Profit
Brewton-Parker College,45600,2,Private Non Profit
Mount Marty College,45500,2,Private Non Profit
Southwestern Assemblies of God University,45400,2,Private Non Profit
Anderson University,45300,2,Private Non Profit
Converse College,45300,2,Private Non Profit
College of Visual Arts,45200,2,Private Non Profit
Goddard College,45200,2,Private Non Profit
North Central University,45000,2,Private Non Profit
Lee University,44800,2,Private Non Profit
College of the Ozarks,44700,2,Private Non Profit
Lees-McRae College,44700,2,Private Non Profit
Davis College,44600,2,Private Non Profit
Northland College,44600,2,Private Non Profit
Grace University,44500,2,Private Non Profit
Mars Hill College,44500,2,Private Non Profit
San Francisco Art Institute,44400,2,Private Non Profit
Baptist Bible College and Seminary,44400,2,Private Non Profit
Le Moyne-Owen College,44400,2,Private Non Profit
Grace College and Theological Seminary,44300,2,Private Non Profit
Campbellsville University,44300,2,Private Non Profit
University of the Cumberlands,44300,2,Private Non Profit
The Baptist College of Florida,44100,2,Private Non Profit
Green Mountain College,44100,2,Private Non Profit
Appalachian Bible College,44100,2,Private Non Profit
Gallaudet University,44000,2,Private Non Profit
Lincoln University,44000,2,Private Non Profit
Coker College,44000,2,Private Non Profit
Paul Quinn College,44000,2,Private Non Profit
Johnson C Smith University,43800,2,Private Non Profit
Trinity Baptist College,43700,2,Private Non Profit
Faith Baptist Bible College and Theological Seminary,43700,2,Private Non Profit
Central Methodist University-College of Liberal Arts & Sciences,43700,2,Private Non Profit
York College,43700,2,Private Non Profit
Valley Forge Christian College,43700,2,Private Non Profit
Central Methodist University-College of Graduate & Extended Studies,43700,2,Private Non Profit
Cazenovia College,43600,2,Private Non Profit
Lancaster Bible College,43600,2,Private Non Profit
Cornish College of the Arts,43600,2,Private Non Profit
Virginia Union University,43500,2,Private Non Profit
Williams Baptist College,43300,2,Private Non Profit
Newberry College,43300,2,Private Non Profit
Remington College of Nursing Orlando,43200,2,Private Non Profit
Remington College,43200,2,Private Non Profit
Union College,43100,2,Private Non Profit
Brevard College,43100,2,Private Non Profit
Central Bible College,43000,2,Private Non Profit
Piedmont International University,43000,2,Private Non Profit
Cincinnati Christian University,43000,2,Private Non Profit
Carlos Albizu University-Miami,42900,2,Private Non Profit
Carlos Albizu University-San Juan,42900,2,Private Non Profit
Judson College,42800,2,Private Non Profit
University of Great Falls,42800,2,Private Non Profit
Central Yeshiva Tomchei Tmimim Lubavitz,42800,2,Private Non Profit
Bethune-Cookman University,42700,2,Private Non Profit
Huston-Tillotson University,42700,2,Private Non Profit
Tougaloo College,42600,2,Private Non Profit
Baker College Center for Graduate Studies,42100,2,Private Non Profit
Ozark Christian College,41900,2,Private Non Profit
Martin Methodist College,41900,2,Private Non Profit
Virginia Intermont College,41900,2,Private Non Profit
Lincoln Christian University,41800,2,Private Non Profit
North Greenville University,41800,2,Private Non Profit
Arizona Christian University,41600,2,Private Non Profit
Jones College-Jacksonville,41600,2,Private Non Profit
Marygrove College,41600,2,Private Non Profit
Finlandia University,41600,2,Private Non Profit
Point University,41400,2,Private Non Profit
Kentucky Christian University,41300,2,Private Non Profit
Bennett College for Women,41300,2,Private Non Profit
Voorhees College,41300,2,Private Non Profit
Florida Memorial University,41200,2,Private Non Profit
Montserrat College of Art,41200,2,Private Non Profit
Baptist Bible College and Graduate School,41200,2,Private Non Profit
Saint Augustines College,41100,2,Private Non Profit
Bennington College,40900,2,Private Non Profit
Saint Mary-of-the-Woods College,40800,2,Private Non Profit
Memphis College of Art,40800,2,Private Non Profit
Saint Pauls College,40600,2,Private Non Profit
Universidad Politecnica de Puerto Rico-Hato Rey Campus,40600,2,Private Non Profit
Polytechnic University of Puerto Rico-Miami Campus,40600,2,Private Non Profit
Polytechnic University of Puerto Rico-Orlando,40600,2,Private Non Profit
Columbia International University,40500,2,Private Non Profit
Wiley College,40100,2,Private Non Profit
Toccoa Falls College,40000,2,Private Non Profit
Claflin University,39800,2,Private Non Profit
Shaw University,39600,2,Private Non Profit
Edward Waters College,39400,2,Private Non Profit
Paine College,39400,2,Private Non Profit
Pacific Northwest College of Art,39400,2,Private Non Profit
Burlington College,39400,2,Private Non Profit
Miles College,39100,2,Private Non Profit
Lindsey Wilson College,38900,2,Private Non Profit
Trinity Bible College,38800,2,Private Non Profit
Johnson University,38800,2,Private Non Profit
New England School of Communications,38800,2,Private Non Profit
Beulah Heights University,38700,2,Private Non Profit
Philander Smith College,38600,2,Private Non Profit
Jarvis Christian College,38600,2,Private Non Profit
Stillman College,38500,2,Private Non Profit
Talladega College,38200,2,Private Non Profit
Blue Mountain College,38100,2,Private Non Profit
Kansas City Art Institute,37100,2,Private Non Profit
Texas College,37000,2,Private Non Profit
Universidad Adventista de las Antillas,36900,2,Private Non Profit
Lane College,36800,2,Private Non Profit
Livingstone College,36500,2,Private Non Profit
East-West University,36400,2,Private Non Profit
Martin University,36400,2,Private Non Profit
Naropa University,36300,2,Private Non Profit
Maine College of Art,36100,2,Private Non Profit
Warren Wilson College,36100,2,Private Non Profit
Rabbinical College Bobover Yeshiva Bnei Zion,34300,2,Private Non Profit
Rust College,33700,2,Private Non Profit
Benedict College,33700,2,Private Non Profit
Talmudical Seminary Oholei Torah,33400,2,Private Non Profit
Concordia College Alabama,33300,2,Private Non Profit
Arkansas Baptist College,33300,2,Private Non Profit
Morris College,32600,2,Private Non Profit
American University of Puerto Rico,32200,2,Private Non Profit
American University of Puerto Rico,32200,2,Private Non Profit
Michigan Jewish Institute,32100,2,Private Non Profit
University of Sacred Heart,31500,2,Private Non Profit
Inter American University of Puerto Rico-San German,30800,2,Private Non Profit
Inter American University of Puerto Rico-Aguadilla,30800,2,Private Non Profit
Inter American University of Puerto Rico-Arecibo,30800,2,Private Non Profit
Inter American University of Puerto Rico-Barranquitas,30800,2,Private Non Profit
Inter American University of Puerto Rico-Metro,30800,2,Private Non Profit
Inter American University of Puerto Rico-Ponce,30800,2,Private Non Profit
Inter American University of Puerto Rico-Fajardo,30800,2,Private Non Profit
Inter American University of Puerto Rico-Guayama,30800,2,Private Non Profit
Inter American University of Puerto Rico-Bayamon,30800,2,Private Non Profit
Universidad Metropolitana,30400,2,Private Non Profit
Allen University,29300,2,Private Non Profit
Universidad Del Turabo,28900,2,Private Non Profit
Universidad Del Este,28700,2,Private Non Profit
Caribbean University-Bayamon,27900,2,Private Non Profit
Caribbean University-Carolina,27900,2,Private Non Profit
Caribbean University-Ponce,27900,2,Private Non Profit
Caribbean University-Vega Baja,27900,2,Private Non Profit
Atlantic University College,27800,2,Private Non Profit
Pontifical Catholic University of Puerto Rico-Arecibo,27400,2,Private Non Profit
Pontifical Catholic University of Puerto Rico,27400,2,Private Non Profit
Pontifical Catholic University of Puerto Rico-Mayaguez,27400,2,Private Non Profit
Bayamon Central University,26600,2,Private Non Profit
United Talmudical Seminary,18800,2,Private Non Profit
Yeshiva Gedolah Imrei Yosef D'spinka,18600,2,Private Non Profit
Yeshivath Viznitz,17900,2,Private Non Profit
Capella University,101800,3,Private for Profit
Potomac College-Washington,91900,3,Private for Profit
Potomac College-Herndon,91900,3,Private for Profit
University of Phoenix-Phoenix-Hohokam Campus,79600,3,Private for Profit
University of Phoenix-San Diego Campus,79600,3,Private for Profit
University of Phoenix-Utah Campus,79600,3,Private for Profit
University of Phoenix-Puerto Rico Campus,79600,3,Private for Profit
University of Phoenix-Southern Arizona Campus,79600,3,Private for Profit
University of Phoenix-Colorado Campus,79600,3,Private for Profit
University of Phoenix-Albuquerque Campus,79600,3,Private for Profit
University of Phoenix-Bay Area Campus,79600,3,Private for Profit
University of Phoenix-Southern California Campus,79600,3,Private for Profit
University of Phoenix-Las Vegas Campus,79600,3,Private for Profit
University of Phoenix-Sacramento Valley Campus,79600,3,Private for Profit
University of Phoenix-Hawaii Campus,79600,3,Private for Profit
University of Phoenix-Louisiana Campus,79600,3,Private for Profit
University of Phoenix-Metro Detroit Campus,79600,3,Private for Profit
University of Phoenix-Western Washington Campus,79600,3,Private for Profit
University of Phoenix-Central Florida Campus,79600,3,Private for Profit
University of Phoenix-Oregon Campus,79600,3,Private for Profit
University of Phoenix-South Florida Campus,79600,3,Private for Profit
University of Phoenix-North Florida Campus,79600,3,Private for Profit
University of Phoenix-West Florida Campus,79600,3,Private for Profit
University of Phoenix-Maryland Campus,79600,3,Private for Profit
University of Phoenix-Oklahoma City Campus,79600,3,Private for Profit
University of Phoenix-Tulsa Campus,79600,3,Private for Profit
University of Phoenix-Southern Colorado Campus,79600,3,Private for Profit
University of Phoenix-West Michigan Campus,79600,3,Private for Profit
University of Phoenix-Philadelphia Campus,79600,3,Private for Profit
University of Phoenix-Pittsburgh Campus,79600,3,Private for Profit
University of Phoenix-St Louis Campus,79600,3,Private for Profit
University of Phoenix-Cleveland Campus,79600,3,Private for Profit
University of Phoenix-Boston Campus,79600,3,Private for Profit
University of Phoenix-Dallas Campus,79600,3,Private for Profit
University of Phoenix-Houston Campus,79600,3,Private for Profit
University of Phoenix-Milwaukee Campus,79600,3,Private for Profit
University of Phoenix-Idaho Campus,79600,3,Private for Profit
University of Phoenix-Kansas City Campus,79600,3,Private for Profit
University of Phoenix-Atlanta Campus,79600,3,Private for Profit
University of Phoenix-Chicago Campus,79600,3,Private for Profit
University of Phoenix-Nashville Campus,79600,3,Private for Profit
University of Phoenix-Northern Virginia Campus,79600,3,Private for Profit
University of Phoenix-Cincinnati Campus,79600,3,Private for Profit
University of Phoenix-Wichita Campus,79600,3,Private for Profit
University of Phoenix-Charlotte Campus,79600,3,Private for Profit
University of Phoenix-Indianapolis Campus,79600,3,Private for Profit
University of Phoenix-Columbus Georgia Campus,79600,3,Private for Profit
University of Phoenix-Memphis Campus,79600,3,Private for Profit
University of Phoenix-Columbus Ohio Campus,79600,3,Private for Profit
University of Phoenix-Little Rock Campus,79600,3,Private for Profit
University of Phoenix-Jersey City Campus,79600,3,Private for Profit
University of Phoenix-Minneapolis/St Paul Campus,79600,3,Private for Profit
University of Phoenix-Louisville Campus,79600,3,Private for Profit
University of Phoenix-Central Valley Campus,79600,3,Private for Profit
University of Phoenix-Cheyenne Campus,79600,3,Private for Profit
University of Phoenix-Springfield Campus,79600,3,Private for Profit
University of Phoenix-Des Moines Campus,79600,3,Private for Profit
University of Phoenix-San Antonio Campus,79600,3,Private for Profit
University of Phoenix-Austin Campus,79600,3,Private for Profit
University of Phoenix-Richmond Campus,79600,3,Private for Profit
University of Phoenix-Raleigh Campus,79600,3,Private for Profit
University of Phoenix-Savannah Campus,79600,3,Private for Profit
University of Phoenix-Northern Nevada Campus,79600,3,Private for Profit
University of Phoenix-Omaha Campus,79600,3,Private for Profit
University of Phoenix-Northwest Arkansas Campus,79600,3,Private for Profit
University of Phoenix-Northwest Indiana Campus,79600,3,Private for Profit
University of Phoenix-Madison Campus,79600,3,Private for Profit
University of Phoenix-Columbia Campus,79600,3,Private for Profit
University of Phoenix-Fairfield County Campus,79600,3,Private for Profit
University of Phoenix-Harrisburg Campus,79600,3,Private for Profit
University of Phoenix-Birmingham Campus,79600,3,Private for Profit
University of Phoenix-Augusta Campus,79600,3,Private for Profit
University of Phoenix-Washington DC Campus,79600,3,Private for Profit
University of Phoenix-Chattanooga Campus,79600,3,Private for Profit
Strayer University-District of Columbia,78200,3,Private for Profit
Strayer University-Virginia,78200,3,Private for Profit
Strayer University-Maryland,78200,3,Private for Profit
Strayer University-Tennessee,78200,3,Private for Profit
Strayer University-Pennsylvania,78200,3,Private for Profit
Strayer University-Florida,78200,3,Private for Profit
Strayer University-Delaware,78200,3,Private for Profit
Strayer University-Alabama,78200,3,Private for Profit
Strayer University-Kentucky,78200,3,Private for Profit
Strayer University-North Carolina,78200,3,Private for Profit
Strayer University-New Jersey,78200,3,Private for Profit
Strayer University-West Virginia,78200,3,Private for Profit
Strayer University-Utah,78200,3,Private for Profit
Strayer University-Georgia,78200,3,Private for Profit
Strayer University-South Carolina,78200,3,Private for Profit
Strayer University-Texas,78200,3,Private for Profit
Strayer University-Global Region,78200,3,Private for Profit
Western International University,76400,3,Private for Profit
Daniel Webster College,75000,3,Private for Profit
Chamberlain College of Nursing-Illinois,73500,3,Private for Profit
Chamberlain College of Nursing-Ohio,73500,3,Private for Profit
Chamberlain College of Nursing-Arizona,73500,3,Private for Profit
Chamberlain College of Nursing-Missouri,73500,3,Private for Profit
Grand Canyon University,72100,3,Private for Profit
Colorado Technical University-Colorado Springs,71400,3,Private for Profit
Colorado Technical University-Greenwood Village,71400,3,Private for Profit
American InterContinental University-Atlanta,70300,3,Private for Profit
American InterContinental University-South Florida,70300,3,Private for Profit
American InterContinental University-Houston,70300,3,Private for Profit
University of Advancing Technology,69500,3,Private for Profit
DeVry University-Arizona,68100,3,Private for Profit
DeVry University-California,68100,3,Private for Profit
DeVry University-Georgia,68100,3,Private for Profit
DeVry University-Illinois,68100,3,Private for Profit
DeVry University-Missouri,68100,3,Private for Profit
DeVry University-New Jersey,68100,3,Private for Profit
DeVry University-Ohio,68100,3,Private for Profit
DeVry University-Texas,68100,3,Private for Profit
DeVry University-Wisconsin,68100,3,Private for Profit
DeVry College of New York,68100,3,Private for Profit
DeVry University-Indiana,68100,3,Private for Profit
DeVry University-Florida,68100,3,Private for Profit
DeVry University-Maryland,68100,3,Private for Profit
DeVry University-Virginia,68100,3,Private for Profit
DeVry University-Washington,68100,3,Private for Profit
DeVry University-Colorado,68100,3,Private for Profit
DeVry University-North Carolina,68100,3,Private for Profit
DeVry University-Pennsylvania,68100,3,Private for Profit
DeVry University-Nevada,68100,3,Private for Profit
DeVry University-Oregon,68100,3,Private for Profit
DeVry University-Minnesota,68100,3,Private for Profit
DeVry University-Oklahoma,68100,3,Private for Profit
DeVry University-Utah,68100,3,Private for Profit
DeVry University-Michigan,68100,3,Private for Profit
DeVry University-Tennessee,68100,3,Private for Profit
DeVry University-Kentucky,68100,3,Private for Profit
School of Visual Arts,65600,3,Private for Profit
Mt Sierra College,65300,3,Private for Profit
LIM College,65100,3,Private for Profit
Academy of Art University,62100,3,Private for Profit
The National Hispanic University,61000,3,Private for Profit
Herzing University-Atlanta,58400,3,Private for Profit
National American University-Colorado Springs,57800,3,Private for Profit
National American University-Rapid City,57800,3,Private for Profit
National American University-Albuquerque,57800,3,Private for Profit
National American University-Bloomington,57800,3,Private for Profit
National American University-Ellsworth AFB Extension,57800,3,Private for Profit
The Art Institute of California-San Diego,56100,3,Private for Profit
The Art Institute of California-San Francisco,56100,3,Private for Profit
Argosy University-San Francisco Bay Area,56100,3,Private for Profit
Argosy University-Sarasota,56100,3,Private for Profit
Argosy University-Chicago,56100,3,Private for Profit
Berkeley College-New York,56100,3,Private for Profit
Argosy University-Hawaii,56100,3,Private for Profit
Argosy University-Atlanta,56100,3,Private for Profit
The Art Institute of California-Hollywood,56100,3,Private for Profit
Argosy University-Washington D.C.,56100,3,Private for Profit
Argosy University-Schaumburg,56100,3,Private for Profit
Argosy University-Tampa,56100,3,Private for Profit
The Art Institute of California-Los Angeles,56100,3,Private for Profit
Argosy University-Phoenix,56100,3,Private for Profit
Argosy University-Orange County,56100,3,Private for Profit
Argosy University-Seattle,56100,3,Private for Profit
The Art Institute of California-Orange County,56100,3,Private for Profit
Argosy University-Dallas,56100,3,Private for Profit
Argosy University-Los Angeles,56100,3,Private for Profit
Argosy University-Denver,56100,3,Private for Profit
The Art Institute of California-Sacramento,56100,3,Private for Profit
Argosy University-Inland Empire,56100,3,Private for Profit
Argosy University-Nashville,56100,3,Private for Profit
Argosy University-San Diego,56100,3,Private for Profit
Argosy University-Salt Lake City,56100,3,Private for Profit
Argosy University-Phoenix Online Division,56100,3,Private for Profit
Victory University,55900,3,Private for Profit
Kendall College,55500,3,Private for Profit
Post University,54600,3,Private for Profit
Berkeley College-Woodland Park,53700,3,Private for Profit
Full Sail University,53600,3,Private for Profit
Westwood College-Denver North,53500,3,Private for Profit
Westwood College-Anaheim,53500,3,Private for Profit
Westwood College-Inland Empire,53500,3,Private for Profit
Missouri Tech,53300,3,Private for Profit
The Art Institute of Portland,53200,3,Private for Profit
Santa Fe University of Art and Design,53000,3,Private for Profit
Northwestern College,52900,3,Private for Profit
Kaplan University-Davenport Campus,52800,3,Private for Profit
Harrington College of Design,51700,3,Private for Profit
Chancellor University,51200,3,Private for Profit
Design Institute of San Diego,51100,3,Private for Profit
Five Towns College,51100,3,Private for Profit
Brooks Institute,51000,3,Private for Profit
The Illinois Institute of Art-Chicago,50500,3,Private for Profit
The New England Institute of Art,50500,3,Private for Profit
The Illinois Institute of Art-Schaumburg,50500,3,Private for Profit
The Art Institute of Colorado,50300,3,Private for Profit
Waldorf College,50300,3,Private for Profit
The Art Institute of Houston,50100,3,Private for Profit
The Art Institute of Austin,50100,3,Private for Profit
Northwestern College,49900,3,Private for Profit
Ashford University,49500,3,Private for Profit
Brown College-Mendota Heights,49200,3,Private for Profit
Brown College-Brooklyn Center,49200,3,Private for Profit
Westwood College-Los Angeles,48500,3,Private for Profit
Westwood College-Chicago Loop,48500,3,Private for Profit
The Art Institute of Philadelphia,48400,3,Private for Profit
Salem International University,48200,3,Private for Profit
The Art Institute of Atlanta,48000,3,Private for Profit
The Art Institute of Washington,48000,3,Private for Profit
The Art Institute of Tennessee-Nashville,48000,3,Private for Profit
The Art Institute of Charleston,48000,3,Private for Profit
Platt College-Aurora,47900,3,Private for Profit
The Art Institutes International-Minnesota,47500,3,Private for Profit
Westwood College-Dupage,46400,3,Private for Profit
Westwood College-Atlanta Midtown,46400,3,Private for Profit
South University-West Palm Beach,45900,3,Private for Profit
South University-The Art Institute of Dallas,45900,3,Private for Profit
South University-Columbia,45900,3,Private for Profit
South University-Tampa,45900,3,Private for Profit
The Art Institute of Pittsburgh,45400,3,Private for Profit
Rocky Mountain College of Art and Design,45100,3,Private for Profit
The Art Institute of Fort Lauderdale,45000,3,Private for Profit
McNally Smith College of Music,45000,3,Private for Profit
AI Miami International University of Art and Design,44900,3,Private for Profit
Central Penn College,43700,3,Private for Profit
American Academy of Art,42000,3,Private for Profit
International Academy of Design and Technology-Tampa,41900,3,Private for Profit
International Academy of Design and Technology-Orlando,41900,3,Private for Profit
International Academy of Design and Technology-Henderson,41900,3,Private for Profit
International Academy of Design and Technology-Seattle,41900,3,Private for Profit
International Academy of Design and Technology-Sacramento,41900,3,Private for Profit
Collins College,40700,3,Private for Profit
International Academy of Design and Technology-Chicago,40700,3,Private for Profit
International Academy of Design and Technology-Troy,40700,3,Private for Profit
American Institute,40500,3,Private for Profit
The Art Institute of Las Vegas,39500,3,Private for Profit
The Art Institute of Phoenix,39500,3,Private for Profit
The Art Institute of Tucson,39500,3,Private for Profit
The Art Institute of Indianapolis,39500,3,Private for Profit
Southwest University of Visual Arts-Tucson,38300,3,Private for Profit
Southwest University of Visual Arts-Albuquerque,38300,3,Private for Profit
National University College-Ponce,24800,3,Private for Profit
